trade_id,entry_time,exit_time,direction,entry_price,exit_price,initial_sl,final_sl_at_exit,tp1,tp2,tp1_hit_status,position_size,pnl_pips,pnl_currency,fvg_type_entry,fvg_timestamp_entry,exit_reason,session,entry_candle_idx,exit_candle_idx,duration_candles
1,2024-05-01 02:50:00,2024-05-01 02:55:00,SHORT,2291.63,2291.71,2291.71,2291.71,2291.47,2291.38,False,25.0,-8.0,-200.0,bearish,2024-05-01 02:45:00,sl_hit,ny_overlap,22,23,1
2,2024-05-01 21:05:00,2024-05-01 21:10:00,LONG,2301.75,2301.67,2301.67,2301.67,2301.91,2302.0,False,24.5,-8.0,-196.0,bullish,2024-05-01 21:00:00,sl_hit,london_primary,241,242,1
3,2024-05-01 21:25:00,2024-05-01 21:30:00,LONG,2313.42,2313.34,2313.34,2313.34,2313.58,2313.67,False,24.01,-8.0,-192.08,bullish,2024-05-01 21:20:00,sl_hit,london_primary,245,246,1
4,2024-05-01 21:40:00,2024-05-01 21:45:00,LONG,2324.18,2324.1,2324.1,2324.1,2324.34,2324.43,False,23.53,-8.0,-188.24,bullish,2024-05-01 21:35:00,sl_hit,london_primary,248,249,1
5,2024-05-01 21:45:00,2024-05-01 21:50:00,LONG,2325.33,2325.25,2325.25,2325.25,2325.49,2325.58,False,23.06,-8.0,-184.48,bullish,2024-05-01 21:40:00,sl_hit,london_primary,249,250,1
6,2024-05-01 21:50:00,2024-05-01 21:55:00,LONG,2326.37,2326.29,2326.29,2326.29,2326.53,2326.62,False,22.6,-8.0,-180.8,bullish,2024-05-01 21:45:00,sl_hit,london_primary,250,251,1
7,2024-05-01 22:35:00,2024-05-01 22:40:00,SHORT,2314.34,2314.42,2314.42,2314.42,2314.18,2314.09,False,22.150000000000002,-8.0,-177.2,bearish,2024-05-01 22:30:00,sl_hit,london_primary,259,260,1
8,2024-05-01 22:40:00,2024-05-01 22:45:00,SHORT,2314.91,2314.99,2314.99,2314.99,2314.75,2314.66,False,21.7,-8.0,-173.6,bearish,2024-05-01 22:35:00,sl_hit,london_primary,260,261,1
9,2024-05-01 22:55:00,2024-05-01 23:00:00,SHORT,2309.78,2309.86,2309.86,2309.86,2309.62,2309.53,False,21.27,-8.0,-170.16,bearish,2024-05-01 22:50:00,sl_hit,london_primary,263,264,1
10,2024-05-01 23:00:00,2024-05-01 23:05:00,SHORT,2310.83,2310.91,2310.91,2310.91,2310.67,2310.58,False,20.84,-8.0,-166.72,bearish,2024-05-01 22:55:00,sl_hit,london_primary,264,265,1
11,2024-05-02 02:50:00,2024-05-02 02:55:00,LONG,2324.22,2324.14,2324.14,2324.14,2324.38,2324.47,False,20.43,-8.0,-163.44,bullish,2024-05-02 02:45:00,sl_hit,ny_overlap,298,299,1
12,2024-05-02 22:05:00,2024-05-02 22:10:00,SHORT,2306.14,2306.22,2306.22,2306.22,2305.98,2305.89,False,20.02,-8.0,-160.16,bearish,2024-05-02 22:00:00,sl_hit,london_primary,529,530,1
13,2024-05-02 22:30:00,2024-05-02 22:35:00,SHORT,2303.11,2303.19,2303.19,2303.19,2302.95,2302.86,False,19.62,-8.0,-156.96,bearish,2024-05-02 22:25:00,sl_hit,london_primary,534,535,1
14,2024-05-02 22:35:00,2024-05-02 22:40:00,SHORT,2302.86,2302.94,2302.94,2302.94,2302.7,2302.61,False,19.23,-8.0,-153.84,bearish,2024-05-02 22:30:00,sl_hit,london_primary,535,536,1
15,2024-05-03 01:00:00,2024-05-03 01:05:00,LONG,2305.22,2305.14,2305.14,2305.14,2305.38,2305.47,False,18.84,-8.0,-150.72,bullish,2024-05-02 23:55:00,sl_hit,ny_overlap,552,553,1
16,2024-05-03 01:35:00,2024-05-03 01:40:00,SHORT,2304.36,2304.44,2304.44,2304.44,2304.2,2304.11,False,18.46,-8.0,-147.68,bearish,2024-05-03 01:30:00,sl_hit,ny_overlap,559,560,1
17,2024-05-03 02:10:00,2024-05-03 02:15:00,SHORT,2303.39,2303.47,2303.47,2303.47,2303.23,2303.14,False,18.09,-8.0,-144.72,bearish,2024-05-03 02:05:00,sl_hit,ny_overlap,566,567,1
18,2024-05-03 21:10:00,2024-05-03 21:15:00,SHORT,2300.94,2301.02,2301.02,2301.02,2300.78,2300.69,False,17.73,-8.0,-141.84,bearish,2024-05-03 21:05:00,sl_hit,london_primary,794,795,1
19,2024-05-03 21:20:00,2024-05-03 21:25:00,SHORT,2299.67,2299.75,2299.75,2299.75,2299.51,2299.42,False,17.38,-8.0,-139.04,bearish,2024-05-03 21:15:00,sl_hit,london_primary,796,797,1
20,2024-05-03 22:20:00,2024-05-03 22:25:00,LONG,2298.73,2298.65,2298.65,2298.65,2298.89,2298.98,False,17.03,-8.0,-136.24,bullish,2024-05-03 22:15:00,sl_hit,london_primary,808,809,1
21,2024-05-06 01:20:00,2024-05-06 01:25:00,SHORT,2301.81,2301.89,2301.89,2301.89,2301.65,2301.56,False,16.69,-8.0,-133.52,bearish,2024-05-06 01:15:00,sl_hit,ny_overlap,832,833,1
22,2024-05-06 02:30:00,2024-05-06 02:35:00,SHORT,2294.75,2294.83,2294.83,2294.83,2294.59,2294.5,False,16.36,-8.0,-130.88,bearish,2024-05-06 02:25:00,sl_hit,ny_overlap,846,847,1
23,2024-05-06 02:35:00,2024-05-06 02:40:00,SHORT,2294.38,2294.46,2294.46,2294.46,2294.22,2294.13,False,16.03,-8.0,-128.24,bearish,2024-05-06 02:30:00,sl_hit,ny_overlap,847,848,1
24,2024-05-06 22:45:00,2024-05-06 22:50:00,SHORT,2323.92,2324.0,2324.0,2324.0,2323.76,2323.67,False,15.71,-8.0,-125.68,bearish,2024-05-06 22:40:00,sl_hit,london_primary,1089,1090,1
25,2024-05-07 01:45:00,2024-05-07 01:50:00,LONG,2326.19,2326.44,2326.11,2326.19,2326.35,2326.44,True,15.39,25.0,384.75,bullish,2024-05-07 01:40:00,tp2_hit,ny_overlap,1113,1114,1
26,2024-05-07 01:50:00,2024-05-07 01:55:00,LONG,2326.83,2326.75,2326.75,2326.75,2326.99,2327.08,False,16.36,-8.0,-130.88,bullish,2024-05-07 01:45:00,sl_hit,ny_overlap,1114,1115,1
27,2024-05-07 02:10:00,2024-05-07 02:15:00,SHORT,2324.15,2324.23,2324.23,2324.23,2323.99,2323.9,False,16.03,-8.0,-128.24,bearish,2024-05-07 02:05:00,sl_hit,ny_overlap,1118,1119,1
28,2024-05-07 02:15:00,2024-05-07 02:20:00,SHORT,2322.69,2322.77,2322.77,2322.77,2322.53,2322.44,False,15.71,-8.0,-125.68,bearish,2024-05-07 02:10:00,sl_hit,ny_overlap,1119,1120,1
29,2024-05-07 02:30:00,2024-05-07 02:35:00,LONG,2325.09,2325.01,2325.01,2325.01,2325.25,2325.34,False,15.39,-8.0,-123.12,bullish,2024-05-07 02:25:00,sl_hit,ny_overlap,1122,1123,1
30,2024-05-07 21:05:00,2024-05-07 21:10:00,SHORT,2313.76,2313.84,2313.84,2313.84,2313.6,2313.51,False,15.09,-8.0,-120.72,bearish,2024-05-07 20:55:00,sl_hit,london_primary,1345,1346,1
31,2024-05-07 21:35:00,2024-05-07 21:40:00,SHORT,2313.16,2313.24,2313.24,2313.24,2313.0,2312.91,False,14.780000000000001,-8.0,-118.24,bearish,2024-05-07 21:30:00,sl_hit,london_primary,1351,1352,1
32,2024-05-07 22:50:00,2024-05-07 22:55:00,LONG,2314.33,2314.25,2314.25,2314.25,2314.49,2314.58,False,14.49,-8.0,-115.92,bullish,2024-05-07 22:45:00,sl_hit,london_primary,1366,1367,1
33,2024-05-07 22:55:00,2024-05-07 23:00:00,LONG,2314.67,2314.59,2314.59,2314.59,2314.83,2314.92,False,14.200000000000001,-8.0,-113.6,bullish,2024-05-07 22:50:00,sl_hit,london_primary,1367,1368,1
34,2024-05-08 01:05:00,2024-05-08 01:10:00,LONG,2315.59,2315.51,2315.51,2315.51,2315.75,2315.84,False,13.92,-8.0,-111.36,bullish,2024-05-08 01:00:00,sl_hit,ny_overlap,1381,1382,1
35,2024-05-08 01:35:00,2024-05-08 01:40:00,SHORT,2315.05,2315.13,2315.13,2315.13,2314.89,2314.8,False,13.64,-8.0,-109.12,bearish,2024-05-08 01:30:00,sl_hit,ny_overlap,1387,1388,1
36,2024-05-08 01:40:00,2024-05-08 01:45:00,SHORT,2314.73,2314.81,2314.81,2314.81,2314.57,2314.48,False,13.36,-8.0,-106.88,bearish,2024-05-08 01:35:00,sl_hit,ny_overlap,1388,1389,1
37,2024-05-08 01:45:00,2024-05-08 01:50:00,SHORT,2314.52,2314.6,2314.6,2314.6,2314.36,2314.27,False,13.1,-8.0,-104.8,bearish,2024-05-08 01:40:00,sl_hit,ny_overlap,1389,1390,1
38,2024-05-08 02:30:00,2024-05-08 02:35:00,LONG,2315.43,2315.68,2315.35,2315.43,2315.59,2315.68,True,12.83,25.0,320.75,bullish,2024-05-08 02:25:00,tp2_hit,ny_overlap,1398,1399,1
39,2024-05-08 02:35:00,2024-05-08 02:40:00,LONG,2315.64,2315.89,2315.56,2315.64,2315.8,2315.89,True,13.64,25.0,341.0,bullish,2024-05-08 02:30:00,tp2_hit,ny_overlap,1399,1400,1
40,2024-05-08 02:50:00,2024-05-08 02:55:00,SHORT,2315.17,2315.25,2315.25,2315.25,2315.01,2314.92,False,14.49,-8.0,-115.92,bearish,2024-05-08 02:45:00,sl_hit,ny_overlap,1402,1403,1
41,2024-05-08 21:05:00,2024-05-08 21:10:00,SHORT,2313.35,2313.1,2313.43,2313.35,2313.19,2313.1,True,14.200000000000001,25.0,355.0,bearish,2024-05-08 21:00:00,tp2_hit,london_primary,1621,1622,1
42,2024-05-08 21:25:00,2024-05-08 21:30:00,SHORT,2312.04,2312.12,2312.12,2312.12,2311.88,2311.79,False,15.09,-8.0,-120.72,bearish,2024-05-08 21:20:00,sl_hit,london_primary,1625,1626,1
43,2024-05-08 21:35:00,2024-05-08 21:40:00,LONG,2312.92,2312.84,2312.84,2312.84,2313.08,2313.17,False,14.790000000000001,-8.0,-118.32,bullish,2024-05-08 21:30:00,sl_hit,london_primary,1627,1628,1
44,2024-05-08 22:10:00,2024-05-08 22:15:00,SHORT,2310.63,2310.71,2310.71,2310.71,2310.47,2310.38,False,14.49,-8.0,-115.92,bearish,2024-05-08 22:05:00,sl_hit,london_primary,1634,1635,1
45,2024-05-08 22:15:00,2024-05-08 22:20:00,SHORT,2311.14,2311.22,2311.22,2311.22,2310.98,2310.89,False,14.200000000000001,-8.0,-113.6,bearish,2024-05-08 22:10:00,sl_hit,london_primary,1635,1636,1
46,2024-05-08 22:30:00,2024-05-08 22:35:00,SHORT,2310.34,2310.09,2310.42,2310.34,2310.18,2310.09,True,13.92,25.0,348.0,bearish,2024-05-08 22:25:00,tp2_hit,london_primary,1638,1639,1
47,2024-05-08 22:40:00,2024-05-08 22:45:00,SHORT,2308.98,2309.06,2309.06,2309.06,2308.82,2308.73,False,14.790000000000001,-8.0,-118.32,bearish,2024-05-08 22:35:00,sl_hit,london_primary,1640,1641,1
48,2024-05-09 01:05:00,2024-05-09 01:10:00,LONG,2310.16,2310.08,2310.08,2310.08,2310.32,2310.41,False,14.49,-8.0,-115.92,bullish,2024-05-09 01:00:00,sl_hit,ny_overlap,1657,1658,1
49,2024-05-09 01:35:00,2024-05-09 01:40:00,SHORT,2309.34,2309.42,2309.42,2309.42,2309.18,2309.09,False,14.200000000000001,-8.0,-113.6,bearish,2024-05-09 01:30:00,sl_hit,ny_overlap,1663,1664,1
50,2024-05-09 02:30:00,2024-05-09 02:35:00,LONG,2309.34,2309.26,2309.26,2309.26,2309.5,2309.59,False,13.92,-8.0,-111.36,bullish,2024-05-09 02:25:00,sl_hit,ny_overlap,1674,1675,1
51,2024-05-09 21:00:00,2024-05-09 21:05:00,LONG,2335.25,2335.17,2335.17,2335.17,2335.41,2335.5,False,13.64,-8.0,-109.12,bullish,2024-05-09 20:55:00,sl_hit,london_primary,1896,1897,1
52,2024-05-09 21:35:00,2024-05-09 21:40:00,LONG,2336.13,2336.05,2336.05,2336.05,2336.29,2336.38,False,13.36,-8.0,-106.88,bullish,2024-05-09 21:30:00,sl_hit,london_primary,1903,1904,1
53,2024-05-09 21:40:00,2024-05-09 21:45:00,LONG,2336.36,2336.61,2336.28,2336.36,2336.52,2336.61,True,13.1,25.0,327.5,bullish,2024-05-09 21:35:00,tp2_hit,london_primary,1904,1905,1
54,2024-05-09 21:45:00,2024-05-09 21:50:00,LONG,2336.6,2336.52,2336.52,2336.52,2336.76,2336.85,False,13.92,-8.0,-111.36,bullish,2024-05-09 21:40:00,sl_hit,london_primary,1905,1906,1
55,2024-05-09 22:00:00,2024-05-09 22:05:00,LONG,2337.46,2337.38,2337.38,2337.38,2337.62,2337.71,False,13.64,-8.0,-109.12,bullish,2024-05-09 21:55:00,sl_hit,london_primary,1908,1909,1
56,2024-05-09 22:10:00,2024-05-09 22:15:00,SHORT,2336.29,2336.37,2336.37,2336.37,2336.13,2336.04,False,13.370000000000001,-8.0,-106.96,bearish,2024-05-09 22:05:00,sl_hit,london_primary,1910,1911,1
57,2024-05-09 22:30:00,2024-05-09 22:35:00,LONG,2337.97,2337.89,2337.89,2337.89,2338.13,2338.22,False,13.1,-8.0,-104.8,bullish,2024-05-09 22:25:00,sl_hit,london_primary,1914,1915,1
58,2024-05-09 22:40:00,2024-05-09 22:45:00,LONG,2340.85,2340.77,2340.77,2340.77,2341.01,2341.1,False,12.84,-8.0,-102.72,bullish,2024-05-09 22:35:00,sl_hit,london_primary,1916,1917,1
59,2024-05-10 01:00:00,2024-05-10 01:05:00,LONG,2346.04,2345.96,2345.96,2345.96,2346.2,2346.29,False,12.58,-8.0,-100.64,bullish,2024-05-09 23:55:00,sl_hit,ny_overlap,1932,1933,1
60,2024-05-10 01:50:00,2024-05-10 01:55:00,LONG,2346.42,2346.34,2346.34,2346.34,2346.58,2346.67,False,12.33,-8.0,-98.64,bullish,2024-05-10 01:45:00,sl_hit,ny_overlap,1942,1943,1
61,2024-05-10 02:05:00,2024-05-10 02:10:00,LONG,2347.22,2347.14,2347.14,2347.14,2347.38,2347.47,False,12.08,-8.0,-96.64,bullish,2024-05-10 02:00:00,sl_hit,ny_overlap,1945,1946,1
62,2024-05-10 02:15:00,2024-05-10 02:20:00,LONG,2348.17,2348.09,2348.09,2348.09,2348.33,2348.42,False,11.84,-8.0,-94.72,bullish,2024-05-10 02:10:00,sl_hit,ny_overlap,1947,1948,1
63,2024-05-10 02:20:00,2024-05-10 02:25:00,LONG,2347.96,2347.88,2347.88,2347.88,2348.12,2348.21,False,11.6,-8.0,-92.8,bullish,2024-05-10 02:15:00,sl_hit,ny_overlap,1948,1949,1
64,2024-05-10 02:30:00,2024-05-10 02:35:00,SHORT,2347.13,2347.21,2347.21,2347.21,2346.97,2346.88,False,11.370000000000001,-8.0,-90.96,bearish,2024-05-10 02:25:00,sl_hit,ny_overlap,1950,1951,1
65,2024-05-10 02:35:00,2024-05-10 02:40:00,SHORT,2347.32,2347.4,2347.4,2347.4,2347.16,2347.07,False,11.14,-8.0,-89.12,bearish,2024-05-10 02:30:00,sl_hit,ny_overlap,1951,1952,1
66,2024-05-10 02:45:00,2024-05-10 02:50:00,SHORT,2346.42,2346.5,2346.5,2346.5,2346.26,2346.17,False,10.92,-8.0,-87.36,bearish,2024-05-10 02:40:00,sl_hit,ny_overlap,1953,1954,1
67,2024-05-10 21:50:00,2024-05-10 21:55:00,SHORT,2367.44,2367.52,2367.52,2367.52,2367.28,2367.19,False,10.700000000000001,-8.0,-85.6,bearish,2024-05-10 21:45:00,sl_hit,london_primary,2182,2183,1
68,2024-05-10 22:05:00,2024-05-10 22:10:00,SHORT,2366.76,2366.84,2366.84,2366.84,2366.6,2366.51,False,10.49,-8.0,-83.92,bearish,2024-05-10 22:00:00,sl_hit,london_primary,2185,2186,1
69,2024-05-10 22:30:00,2024-05-10 22:35:00,SHORT,2363.69,2363.77,2363.77,2363.77,2363.53,2363.44,False,10.28,-8.0,-82.24,bearish,2024-05-10 22:25:00,sl_hit,london_primary,2190,2191,1
70,2024-05-10 22:40:00,2024-05-10 22:45:00,SHORT,2362.84,2362.92,2362.92,2362.92,2362.68,2362.59,False,10.07,-8.0,-80.56,bearish,2024-05-10 22:35:00,sl_hit,london_primary,2192,2193,1
71,2024-05-13 02:25:00,2024-05-13 02:30:00,SHORT,2361.07,2361.15,2361.15,2361.15,2360.91,2360.82,False,9.870000000000001,-8.0,-78.96,bearish,2024-05-13 02:20:00,sl_hit,ny_overlap,2225,2226,1
72,2024-05-13 21:15:00,2024-05-13 21:20:00,LONG,2337.06,2336.98,2336.98,2336.98,2337.22,2337.31,False,9.67,-8.0,-77.36,bullish,2024-05-13 21:10:00,sl_hit,london_primary,2451,2452,1
73,2024-05-13 22:20:00,2024-05-13 22:25:00,LONG,2337.67,2337.59,2337.59,2337.59,2337.83,2337.92,False,9.48,-8.0,-75.84,bullish,2024-05-13 22:15:00,sl_hit,london_primary,2464,2465,1
74,2024-05-13 22:50:00,2024-05-13 22:55:00,LONG,2337.85,2337.77,2337.77,2337.77,2338.01,2338.1,False,9.290000000000001,-8.0,-74.32,bullish,2024-05-13 22:40:00,sl_hit,london_primary,2470,2471,1
75,2024-05-14 01:05:00,2024-05-14 01:10:00,LONG,2337.48,2337.4,2337.4,2337.4,2337.64,2337.73,False,9.1,-8.0,-72.8,bullish,2024-05-14 01:00:00,sl_hit,ny_overlap,2485,2486,1
76,2024-05-14 01:20:00,2024-05-14 01:25:00,LONG,2338.18,2338.1,2338.1,2338.1,2338.34,2338.43,False,8.92,-8.0,-71.36,bullish,2024-05-14 01:15:00,sl_hit,ny_overlap,2488,2489,1
77,2024-05-14 01:45:00,2024-05-14 01:50:00,LONG,2338.12,2338.04,2338.04,2338.04,2338.28,2338.37,False,8.74,-8.0,-69.92,bullish,2024-05-14 01:40:00,sl_hit,ny_overlap,2493,2494,1
78,2024-05-14 01:55:00,2024-05-14 02:00:00,SHORT,2337.52,2337.6,2337.6,2337.6,2337.36,2337.27,False,8.57,-8.0,-68.56,bearish,2024-05-14 01:50:00,sl_hit,ny_overlap,2495,2496,1
79,2024-05-14 02:50:00,2024-05-14 02:55:00,LONG,2338.56,2338.48,2338.48,2338.48,2338.72,2338.81,False,8.4,-8.0,-67.2,bullish,2024-05-14 02:45:00,sl_hit,ny_overlap,2506,2507,1
80,2024-05-14 21:50:00,2024-05-14 21:55:00,SHORT,2357.85,2357.93,2357.93,2357.93,2357.69,2357.6,False,8.23,-8.0,-65.84,bearish,2024-05-14 21:45:00,sl_hit,london_primary,2734,2735,1
81,2024-05-14 22:20:00,2024-05-14 22:25:00,SHORT,2355.66,2355.74,2355.74,2355.74,2355.5,2355.41,False,8.07,-8.0,-64.56,bearish,2024-05-14 22:15:00,sl_hit,london_primary,2740,2741,1
82,2024-05-14 22:35:00,2024-05-14 22:40:00,LONG,2357.2,2357.12,2357.12,2357.12,2357.36,2357.45,False,7.9,-8.0,-63.2,bullish,2024-05-14 22:30:00,sl_hit,london_primary,2743,2744,1
83,2024-05-14 22:45:00,2024-05-14 22:50:00,SHORT,2356.31,2356.39,2356.39,2356.39,2356.15,2356.06,False,7.75,-8.0,-62.0,bearish,2024-05-14 22:40:00,sl_hit,london_primary,2745,2746,1
84,2024-05-15 01:05:00,2024-05-15 01:10:00,SHORT,2357.26,2357.01,2357.34,2357.04,2357.1,2357.01,True,7.59,25.0,189.75,bearish,2024-05-15 01:00:00,tp2_hit,ny_overlap,2761,2762,1
85,2024-05-15 01:30:00,2024-05-15 01:35:00,SHORT,2356.36,2356.44,2356.44,2356.44,2356.2,2356.11,False,8.07,-8.0,-64.56,bearish,2024-05-15 01:25:00,sl_hit,ny_overlap,2766,2767,1
86,2024-05-15 01:50:00,2024-05-15 01:55:00,LONG,2357.1,2357.35,2357.02,2357.1,2357.26,2357.35,True,7.9,25.0,197.5,bullish,2024-05-15 01:45:00,tp2_hit,ny_overlap,2770,2771,1
87,2024-05-15 01:55:00,2024-05-15 02:00:00,LONG,2357.46,2357.38,2357.38,2357.38,2357.62,2357.71,False,8.4,-8.0,-67.2,bullish,2024-05-15 01:50:00,sl_hit,ny_overlap,2771,2772,1
88,2024-05-15 02:25:00,2024-05-15 02:30:00,LONG,2357.4,2357.32,2357.32,2357.32,2357.56,2357.65,False,8.23,-8.0,-65.84,bullish,2024-05-15 02:20:00,sl_hit,ny_overlap,2777,2778,1
89,2024-05-15 02:35:00,2024-05-15 02:40:00,SHORT,2356.09,2356.17,2356.17,2356.17,2355.93,2355.84,False,8.07,-8.0,-64.56,bearish,2024-05-15 02:30:00,sl_hit,ny_overlap,2779,2780,1
90,2024-05-15 02:40:00,2024-05-15 02:45:00,SHORT,2356.32,2356.4,2356.4,2356.4,2356.16,2356.07,False,7.9,-8.0,-63.2,bearish,2024-05-15 02:35:00,sl_hit,ny_overlap,2780,2781,1
91,2024-05-15 21:05:00,2024-05-15 21:10:00,SHORT,2386.67,2386.75,2386.75,2386.75,2386.51,2386.42,False,7.75,-8.0,-62.0,bearish,2024-05-15 21:00:00,sl_hit,london_primary,3001,3002,1
92,2024-05-15 21:35:00,2024-05-15 21:40:00,SHORT,2385.28,2385.36,2385.36,2385.36,2385.12,2385.03,False,7.59,-8.0,-60.72,bearish,2024-05-15 21:30:00,sl_hit,london_primary,3007,3008,1
93,2024-05-15 21:40:00,2024-05-15 21:45:00,SHORT,2385.27,2385.35,2385.35,2385.35,2385.11,2385.02,False,7.44,-8.0,-59.52,bearish,2024-05-15 21:35:00,sl_hit,london_primary,3008,3009,1
94,2024-05-15 22:15:00,2024-05-15 22:20:00,LONG,2386.86,2386.78,2386.78,2386.78,2387.02,2387.11,False,7.29,-8.0,-58.32,bullish,2024-05-15 22:10:00,sl_hit,london_primary,3015,3016,1
95,2024-05-15 22:35:00,2024-05-15 22:40:00,SHORT,2385.67,2385.75,2385.75,2385.75,2385.51,2385.42,False,7.140000000000001,-8.0,-57.12,bearish,2024-05-15 22:30:00,sl_hit,london_primary,3019,3020,1
96,2024-05-15 22:45:00,2024-05-15 22:50:00,LONG,2387.25,2387.17,2387.17,2387.17,2387.41,2387.5,False,7.0,-8.0,-56.0,bullish,2024-05-15 22:40:00,sl_hit,london_primary,3021,3022,1
97,2024-05-16 01:55:00,2024-05-16 02:00:00,LONG,2388.99,2388.91,2388.91,2388.91,2389.15,2389.24,False,6.86,-8.0,-54.88,bullish,2024-05-16 01:50:00,sl_hit,ny_overlap,3047,3048,1
98,2024-05-16 02:00:00,2024-05-16 02:05:00,LONG,2388.94,2388.86,2388.86,2388.86,2389.1,2389.19,False,6.72,-8.0,-53.76,bullish,2024-05-16 01:55:00,sl_hit,ny_overlap,3048,3049,1
99,2024-05-16 02:10:00,2024-05-16 02:15:00,LONG,2389.54,2389.46,2389.46,2389.46,2389.7,2389.79,False,6.59,-8.0,-52.72,bullish,2024-05-16 02:05:00,sl_hit,ny_overlap,3050,3051,1
100,2024-05-16 21:00:00,2024-05-16 21:05:00,LONG,2381.64,2381.56,2381.56,2381.56,2381.8,2381.89,False,6.46,-8.0,-51.68,bullish,2024-05-16 20:55:00,sl_hit,london_primary,3276,3277,1
101,2024-05-16 21:15:00,2024-05-16 21:20:00,SHORT,2379.41,2379.49,2379.49,2379.49,2379.25,2379.16,False,6.33,-8.0,-50.64,bearish,2024-05-16 21:10:00,sl_hit,london_primary,3279,3280,1
102,2024-05-16 21:20:00,2024-05-16 21:25:00,SHORT,2379.65,2379.73,2379.73,2379.73,2379.49,2379.4,False,6.2,-8.0,-49.6,bearish,2024-05-16 21:15:00,sl_hit,london_primary,3280,3281,1
103,2024-05-16 21:50:00,2024-05-16 21:55:00,LONG,2380.17,2380.09,2380.09,2380.09,2380.33,2380.42,False,6.08,-8.0,-48.64,bullish,2024-05-16 21:45:00,sl_hit,london_primary,3286,3287,1
104,2024-05-16 21:55:00,2024-05-16 22:00:00,LONG,2379.77,2379.69,2379.69,2379.69,2379.93,2380.02,False,5.96,-8.0,-47.68,bullish,2024-05-16 21:50:00,sl_hit,london_primary,3287,3288,1
105,2024-05-16 22:10:00,2024-05-16 22:15:00,LONG,2381.63,2381.55,2381.55,2381.55,2381.79,2381.88,False,5.84,-8.0,-46.72,bullish,2024-05-16 22:05:00,sl_hit,london_primary,3290,3291,1
106,2024-05-16 22:20:00,2024-05-16 22:25:00,SHORT,2380.21,2379.96,2380.29,2380.21,2380.05,2379.96,True,5.72,25.0,143.0,bearish,2024-05-16 22:15:00,tp2_hit,london_primary,3292,3293,1
107,2024-05-16 22:30:00,2024-05-16 22:35:00,SHORT,2379.38,2379.46,2379.46,2379.46,2379.22,2379.13,False,6.08,-8.0,-48.64,bearish,2024-05-16 22:25:00,sl_hit,london_primary,3294,3295,1
108,2024-05-16 23:00:00,2024-05-16 23:05:00,SHORT,2378.13,2378.21,2378.21,2378.21,2377.97,2377.88,False,5.96,-8.0,-47.68,bearish,2024-05-16 22:55:00,sl_hit,london_primary,3300,3301,1
109,2024-05-17 01:05:00,2024-05-17 01:10:00,LONG,2377.73,2377.98,2377.65,2378.47,2377.89,2377.98,True,5.84,25.0,146.0,bullish,2024-05-17 01:00:00,tp2_hit,ny_overlap,3313,3314,1
110,2024-05-17 01:50:00,2024-05-17 01:55:00,LONG,2378.99,2378.91,2378.91,2378.91,2379.15,2379.24,False,6.2,-8.0,-49.6,bullish,2024-05-17 01:45:00,sl_hit,ny_overlap,3322,3323,1
111,2024-05-17 02:25:00,2024-05-17 02:30:00,SHORT,2378.64,2378.72,2378.72,2378.72,2378.48,2378.39,False,6.08,-8.0,-48.64,bearish,2024-05-17 02:20:00,sl_hit,ny_overlap,3329,3330,1
112,2024-05-17 02:50:00,2024-05-17 02:55:00,SHORT,2378.61,2378.36,2378.69,2378.61,2378.45,2378.36,True,5.96,25.0,149.0,bearish,2024-05-17 02:45:00,tp2_hit,ny_overlap,3334,3335,1
113,2024-05-17 21:40:00,2024-05-17 21:45:00,LONG,2418.75,2418.67,2418.67,2418.67,2418.91,2419.0,False,6.33,-8.0,-50.64,bullish,2024-05-17 21:30:00,sl_hit,london_primary,3560,3561,1
114,2024-05-17 21:45:00,2024-05-17 21:50:00,LONG,2418.66,2418.58,2418.58,2418.58,2418.82,2418.91,False,6.2,-8.0,-49.6,bullish,2024-05-17 21:40:00,sl_hit,london_primary,3561,3562,1
115,2024-05-17 22:05:00,2024-05-17 22:10:00,SHORT,2415.61,2415.69,2415.69,2415.69,2415.45,2415.36,False,6.08,-8.0,-48.64,bearish,2024-05-17 22:00:00,sl_hit,london_primary,3565,3566,1
116,2024-05-20 01:00:00,2024-05-20 01:05:00,LONG,2425.33,2425.25,2425.25,2425.25,2425.49,2425.58,False,5.96,-8.0,-47.68,bullish,2024-05-17 23:55:00,sl_hit,ny_overlap,3588,3589,1
117,2024-05-20 01:05:00,2024-05-20 01:10:00,LONG,2418.66,2418.58,2418.58,2418.58,2418.82,2418.91,False,5.84,-8.0,-46.72,bullish,2024-05-20 01:00:00,sl_hit,ny_overlap,3589,3590,1
118,2024-05-20 01:20:00,2024-05-20 01:25:00,LONG,2421.21,2421.13,2421.13,2421.13,2421.37,2421.46,False,5.72,-8.0,-45.76,bullish,2024-05-20 01:15:00,sl_hit,ny_overlap,3592,3593,1
119,2024-05-20 01:35:00,2024-05-20 01:40:00,SHORT,2417.23,2417.31,2417.31,2417.31,2417.07,2416.98,False,5.61,-8.0,-44.88,bearish,2024-05-20 01:30:00,sl_hit,ny_overlap,3595,3596,1
120,2024-05-20 21:05:00,2024-05-20 21:10:00,SHORT,2432.33,2432.41,2432.41,2432.41,2432.17,2432.08,False,5.49,-8.0,-43.92,bearish,2024-05-20 21:00:00,sl_hit,london_primary,3829,3830,1
121,2024-05-20 21:45:00,2024-05-20 21:50:00,SHORT,2434.25,2434.33,2434.33,2434.33,2434.09,2434.0,False,5.38,-8.0,-43.04,bearish,2024-05-20 21:40:00,sl_hit,london_primary,3837,3838,1
122,2024-05-20 22:20:00,2024-05-20 22:25:00,SHORT,2430.67,2430.42,2430.75,2430.67,2430.51,2430.42,True,5.28,25.0,132.0,bearish,2024-05-20 22:15:00,tp2_hit,london_primary,3844,3845,1
123,2024-05-20 22:25:00,2024-05-20 22:30:00,SHORT,2429.38,2429.46,2429.46,2429.46,2429.22,2429.13,False,5.61,-8.0,-44.88,bearish,2024-05-20 22:20:00,sl_hit,london_primary,3845,3846,1
124,2024-05-20 22:35:00,2024-05-20 22:40:00,LONG,2431.75,2431.67,2431.67,2431.67,2431.91,2432.0,False,5.5,-8.0,-44.0,bullish,2024-05-20 22:30:00,sl_hit,london_primary,3847,3848,1
125,2024-05-20 22:45:00,2024-05-20 22:50:00,SHORT,2428.48,2428.56,2428.56,2428.56,2428.32,2428.23,False,5.39,-8.0,-43.12,bearish,2024-05-20 22:40:00,sl_hit,london_primary,3849,3850,1
126,2024-05-20 22:55:00,2024-05-20 23:00:00,SHORT,2426.79,2426.87,2426.87,2426.87,2426.63,2426.54,False,5.28,-8.0,-42.24,bearish,2024-05-20 22:50:00,sl_hit,london_primary,3851,3852,1
127,2024-05-21 01:00:00,2024-05-21 01:05:00,LONG,2427.31,2427.23,2427.23,2427.23,2427.47,2427.56,False,5.17,-8.0,-41.36,bullish,2024-05-20 23:55:00,sl_hit,ny_overlap,3864,3865,1
128,2024-05-21 01:05:00,2024-05-21 01:10:00,LONG,2429.54,2429.46,2429.46,2429.46,2429.7,2429.79,False,5.07,-8.0,-40.56,bullish,2024-05-21 01:00:00,sl_hit,ny_overlap,3865,3866,1
129,2024-05-21 01:25:00,2024-05-21 01:30:00,LONG,2430.22,2430.14,2430.14,2430.14,2430.38,2430.47,False,4.97,-8.0,-39.76,bullish,2024-05-21 01:20:00,sl_hit,ny_overlap,3869,3870,1
130,2024-05-21 01:50:00,2024-05-21 01:55:00,SHORT,2427.26,2427.34,2427.34,2427.34,2427.1,2427.01,False,4.87,-8.0,-38.96,bearish,2024-05-21 01:45:00,sl_hit,ny_overlap,3874,3875,1
131,2024-05-21 02:25:00,2024-05-21 02:30:00,SHORT,2426.69,2426.44,2426.77,2426.69,2426.53,2426.44,True,4.7700000000000005,25.0,119.25,bearish,2024-05-21 02:20:00,tp2_hit,ny_overlap,3881,3882,1
132,2024-05-21 02:30:00,2024-05-21 02:35:00,SHORT,2426.71,2426.46,2426.79,2426.71,2426.55,2426.46,True,5.07,25.0,126.75,bearish,2024-05-21 02:25:00,tp2_hit,ny_overlap,3882,3883,1
133,2024-05-21 21:05:00,2024-05-21 21:10:00,SHORT,2419.4,2419.48,2419.48,2419.48,2419.24,2419.15,False,5.39,-8.0,-43.12,bearish,2024-05-21 21:00:00,sl_hit,london_primary,4105,4106,1
134,2024-05-21 22:10:00,2024-05-21 22:15:00,LONG,2423.37,2423.29,2423.29,2423.29,2423.53,2423.62,False,5.28,-8.0,-42.24,bullish,2024-05-21 22:05:00,sl_hit,london_primary,4118,4119,1
135,2024-05-21 22:15:00,2024-05-21 22:20:00,LONG,2423.9,2423.82,2423.82,2423.82,2424.06,2424.15,False,5.17,-8.0,-41.36,bullish,2024-05-21 22:10:00,sl_hit,london_primary,4119,4120,1
136,2024-05-21 22:20:00,2024-05-21 22:25:00,LONG,2424.79,2424.71,2424.71,2424.71,2424.95,2425.04,False,5.07,-8.0,-40.56,bullish,2024-05-21 22:15:00,sl_hit,london_primary,4120,4121,1
137,2024-05-22 01:05:00,2024-05-22 01:10:00,LONG,2421.52,2421.44,2421.44,2421.44,2421.68,2421.77,False,4.97,-8.0,-39.76,bullish,2024-05-22 01:00:00,sl_hit,ny_overlap,4141,4142,1
138,2024-05-22 01:55:00,2024-05-22 02:00:00,LONG,2422.06,2421.98,2421.98,2421.98,2422.22,2422.31,False,4.87,-8.0,-38.96,bullish,2024-05-22 01:50:00,sl_hit,ny_overlap,4151,4152,1
139,2024-05-22 21:15:00,2024-05-22 21:20:00,SHORT,2385.06,2385.14,2385.14,2385.14,2384.9,2384.81,False,4.7700000000000005,-8.0,-38.16,bearish,2024-05-22 21:10:00,sl_hit,london_primary,4383,4384,1
140,2024-05-22 21:20:00,2024-05-22 21:25:00,SHORT,2383.8,2383.55,2383.88,2383.8,2383.64,2383.55,True,4.67,25.0,116.75,bearish,2024-05-22 21:15:00,tp2_hit,london_primary,4384,4385,1
141,2024-05-22 21:25:00,2024-05-22 21:30:00,SHORT,2379.36,2379.44,2379.44,2379.44,2379.2,2379.11,False,4.97,-8.0,-39.76,bearish,2024-05-22 21:20:00,sl_hit,london_primary,4385,4386,1
142,2024-05-22 22:40:00,2024-05-22 22:45:00,SHORT,2377.4,2377.48,2377.48,2377.48,2377.24,2377.15,False,4.87,-8.0,-38.96,bearish,2024-05-22 22:35:00,sl_hit,london_primary,4400,4401,1
143,2024-05-22 23:00:00,2024-05-22 23:05:00,LONG,2378.94,2378.86,2378.86,2378.86,2379.1,2379.19,False,4.7700000000000005,-8.0,-38.16,bullish,2024-05-22 22:55:00,sl_hit,london_primary,4404,4405,1
144,2024-05-23 01:45:00,2024-05-23 01:50:00,LONG,2381.1,2381.02,2381.02,2381.02,2381.26,2381.35,False,4.67,-8.0,-37.36,bullish,2024-05-23 01:40:00,sl_hit,ny_overlap,4425,4426,1
145,2024-05-23 02:25:00,2024-05-23 02:30:00,LONG,2381.93,2381.85,2381.85,2381.85,2382.09,2382.18,False,4.58,-8.0,-36.64,bullish,2024-05-23 02:20:00,sl_hit,ny_overlap,4433,4434,1
146,2024-05-23 21:00:00,2024-05-23 21:05:00,SHORT,2332.5,2332.58,2332.58,2332.58,2332.34,2332.25,False,4.49,-8.0,-35.92,bearish,2024-05-23 20:55:00,sl_hit,london_primary,4656,4657,1
147,2024-05-23 22:00:00,2024-05-23 22:05:00,SHORT,2333.46,2333.54,2333.54,2333.54,2333.3,2333.21,False,4.4,-8.0,-35.2,bearish,2024-05-23 21:55:00,sl_hit,london_primary,4668,4669,1
148,2024-05-23 22:50:00,2024-05-23 22:55:00,SHORT,2331.75,2331.83,2331.83,2331.83,2331.59,2331.5,False,4.3100000000000005,-8.0,-34.48,bearish,2024-05-23 22:45:00,sl_hit,london_primary,4678,4679,1
149,2024-05-24 01:00:00,2024-05-24 01:05:00,LONG,2329.43,2329.35,2329.35,2329.35,2329.59,2329.68,False,4.23,-8.0,-33.84,bullish,2024-05-23 23:55:00,sl_hit,ny_overlap,4692,4693,1
150,2024-05-24 01:05:00,2024-05-24 01:10:00,LONG,2329.18,2329.1,2329.1,2329.1,2329.34,2329.43,False,4.14,-8.0,-33.12,bullish,2024-05-24 01:00:00,sl_hit,ny_overlap,4693,4694,1
151,2024-05-24 01:20:00,2024-05-24 01:25:00,LONG,2331.79,2331.71,2331.71,2331.71,2331.95,2332.04,False,4.0600000000000005,-8.0,-32.48,bullish,2024-05-24 01:15:00,sl_hit,ny_overlap,4696,4697,1
152,2024-05-24 01:25:00,2024-05-24 01:30:00,LONG,2331.98,2331.9,2331.9,2331.9,2332.14,2332.23,False,3.98,-8.0,-31.84,bullish,2024-05-24 01:20:00,sl_hit,ny_overlap,4697,4698,1
153,2024-05-24 01:40:00,2024-05-24 01:45:00,SHORT,2330.61,2330.69,2330.69,2330.69,2330.45,2330.36,False,3.9,-8.0,-31.2,bearish,2024-05-24 01:35:00,sl_hit,ny_overlap,4700,4701,1
154,2024-05-24 02:40:00,2024-05-24 02:45:00,LONG,2332.65,2332.57,2332.57,2332.57,2332.81,2332.9,False,3.8200000000000003,-8.0,-30.56,bullish,2024-05-24 02:35:00,sl_hit,ny_overlap,4712,4713,1
155,2024-05-24 03:00:00,2024-05-24 03:05:00,SHORT,2332.21,2332.29,2332.29,2332.29,2332.05,2331.96,False,3.74,-8.0,-29.92,bearish,2024-05-24 02:55:00,sl_hit,ny_overlap,4716,4717,1
156,2024-05-24 21:05:00,2024-05-24 21:10:00,LONG,2335.62,2335.54,2335.54,2335.54,2335.78,2335.87,False,3.67,-8.0,-29.36,bullish,2024-05-24 21:00:00,sl_hit,london_primary,4933,4934,1
157,2024-05-24 21:35:00,2024-05-24 21:40:00,LONG,2336.66,2336.58,2336.58,2336.58,2336.82,2336.91,False,3.59,-8.0,-28.72,bullish,2024-05-24 21:30:00,sl_hit,london_primary,4939,4940,1
158,2024-05-24 21:40:00,2024-05-24 21:45:00,LONG,2336.37,2336.29,2336.29,2336.29,2336.53,2336.62,False,3.52,-8.0,-28.16,bullish,2024-05-24 21:35:00,sl_hit,london_primary,4940,4941,1
159,2024-05-24 21:50:00,2024-05-24 21:55:00,SHORT,2334.83,2334.91,2334.91,2334.91,2334.67,2334.58,False,3.45,-8.0,-27.6,bearish,2024-05-24 21:45:00,sl_hit,london_primary,4942,4943,1
160,2024-05-24 21:55:00,2024-05-24 22:00:00,SHORT,2334.86,2334.61,2334.94,2334.86,2334.7,2334.61,True,3.38,25.0,84.5,bearish,2024-05-24 21:50:00,tp2_hit,london_primary,4943,4944,1
161,2024-05-24 22:05:00,2024-05-24 22:10:00,SHORT,2333.4,2333.48,2333.48,2333.48,2333.24,2333.15,False,3.59,-8.0,-28.72,bearish,2024-05-24 22:00:00,sl_hit,london_primary,4945,4946,1
162,2024-05-24 22:20:00,2024-05-24 22:25:00,SHORT,2332.32,2332.4,2332.4,2332.4,2332.16,2332.07,False,3.52,-8.0,-28.16,bearish,2024-05-24 22:15:00,sl_hit,london_primary,4948,4949,1
163,2024-05-24 23:00:00,2024-05-24 23:05:00,LONG,2334.83,2334.75,2334.75,2334.75,2334.99,2335.08,False,3.45,-8.0,-27.6,bullish,2024-05-24 22:55:00,sl_hit,london_primary,4956,4957,1
164,2024-05-27 01:00:00,2024-05-27 01:05:00,LONG,2335.95,2335.87,2335.87,2335.87,2336.11,2336.2,False,3.38,-8.0,-27.04,bullish,2024-05-24 23:55:00,sl_hit,ny_overlap,4968,4969,1
165,2024-05-27 01:20:00,2024-05-27 01:25:00,SHORT,2335.19,2335.27,2335.27,2335.27,2335.03,2334.94,False,3.3200000000000003,-8.0,-26.56,bearish,2024-05-27 01:15:00,sl_hit,ny_overlap,4972,4973,1
166,2024-05-27 01:30:00,2024-05-27 01:35:00,LONG,2336.39,2336.31,2336.31,2336.31,2336.55,2336.64,False,3.25,-8.0,-26.0,bullish,2024-05-27 01:25:00,sl_hit,ny_overlap,4974,4975,1
167,2024-05-27 01:40:00,2024-05-27 01:45:00,LONG,2338.98,2338.9,2338.9,2338.9,2339.14,2339.23,False,3.18,-8.0,-25.44,bullish,2024-05-27 01:35:00,sl_hit,ny_overlap,4976,4977,1
168,2024-05-27 02:00:00,2024-05-27 02:05:00,LONG,2339.15,2339.07,2339.07,2339.07,2339.31,2339.4,False,3.12,-8.0,-24.96,bullish,2024-05-27 01:55:00,sl_hit,ny_overlap,4980,4981,1
169,2024-05-27 02:25:00,2024-05-27 02:30:00,SHORT,2338.77,2338.52,2338.85,2338.77,2338.61,2338.52,True,3.06,25.0,76.5,bearish,2024-05-27 02:20:00,tp2_hit,ny_overlap,4985,4986,1
170,2024-05-27 21:05:00,2024-05-27 21:10:00,SHORT,2353.76,2353.51,2353.84,2353.76,2353.6,2353.51,True,3.25,25.0,81.25,bearish,2024-05-27 21:00:00,tp2_hit,london_primary,5209,5210,1
171,2024-05-27 21:10:00,2024-05-27 21:15:00,SHORT,2353.09,2353.17,2353.17,2353.17,2352.93,2352.84,False,3.45,-8.0,-27.6,bearish,2024-05-27 21:05:00,sl_hit,london_primary,5210,5211,1
172,2024-05-27 21:15:00,2024-05-27 21:20:00,SHORT,2352.03,2352.11,2352.11,2352.11,2351.87,2351.78,False,3.38,-8.0,-27.04,bearish,2024-05-27 21:10:00,sl_hit,london_primary,5211,5212,1
173,2024-05-27 21:20:00,2024-05-27 21:25:00,SHORT,2352.26,2352.34,2352.34,2352.34,2352.1,2352.01,False,3.3200000000000003,-8.0,-26.56,bearish,2024-05-27 21:15:00,sl_hit,london_primary,5212,5213,1
174,2024-05-28 01:20:00,2024-05-28 01:30:00,LONG,2352.75,2352.75,2352.67,2352.75,2352.91,2353.0,True,3.25,0.0,0.0,bullish,2024-05-28 01:15:00,sl_hit,ny_overlap,5218,5220,2
175,2024-05-28 01:35:00,2024-05-28 01:40:00,LONG,2353.34,2353.26,2353.26,2353.26,2353.5,2353.59,False,3.25,-8.0,-26.0,bullish,2024-05-28 01:30:00,sl_hit,ny_overlap,5221,5222,1
176,2024-05-28 01:45:00,2024-05-28 01:50:00,SHORT,2352.26,2352.34,2352.34,2352.34,2352.1,2352.01,False,3.18,-8.0,-25.44,bearish,2024-05-28 01:40:00,sl_hit,ny_overlap,5223,5224,1
177,2024-05-28 02:05:00,2024-05-28 02:10:00,SHORT,2351.33,2351.41,2351.41,2351.41,2351.17,2351.08,False,3.12,-8.0,-24.96,bearish,2024-05-28 02:00:00,sl_hit,ny_overlap,5227,5228,1
178,2024-05-28 21:10:00,2024-05-28 21:15:00,SHORT,2355.79,2355.87,2355.87,2355.87,2355.63,2355.54,False,3.06,-8.0,-24.48,bearish,2024-05-28 21:05:00,sl_hit,london_primary,5456,5457,1
179,2024-05-28 21:25:00,2024-05-28 21:30:00,SHORT,2354.09,2353.84,2354.17,2354.09,2353.93,2353.84,True,3.0,25.0,75.0,bearish,2024-05-28 21:20:00,tp2_hit,london_primary,5459,5460,1
180,2024-05-28 21:30:00,2024-05-28 21:35:00,SHORT,2353.55,2353.63,2353.63,2353.63,2353.39,2353.3,False,3.19,-8.0,-25.52,bearish,2024-05-28 21:25:00,sl_hit,london_primary,5460,5461,1
181,2024-05-28 21:50:00,2024-05-28 21:55:00,LONG,2356.42,2356.67,2356.34,2356.42,2356.58,2356.67,True,3.12,25.0,78.0,bullish,2024-05-28 21:45:00,tp2_hit,london_primary,5464,5465,1
182,2024-05-28 21:55:00,2024-05-28 22:00:00,LONG,2357.16,2357.08,2357.08,2357.08,2357.32,2357.41,False,3.3200000000000003,-8.0,-26.56,bullish,2024-05-28 21:50:00,sl_hit,london_primary,5465,5466,1
183,2024-05-28 22:00:00,2024-05-28 22:05:00,LONG,2357.4,2357.32,2357.32,2357.32,2357.56,2357.65,False,3.25,-8.0,-26.0,bullish,2024-05-28 21:55:00,sl_hit,london_primary,5466,5467,1
184,2024-05-28 22:25:00,2024-05-28 22:30:00,LONG,2357.81,2358.06,2357.73,2357.81,2357.97,2358.06,True,3.18,25.0,79.5,bullish,2024-05-28 22:20:00,tp2_hit,london_primary,5471,5472,1
185,2024-05-28 22:35:00,2024-05-28 22:40:00,LONG,2358.9,2358.82,2358.82,2358.82,2359.06,2359.15,False,3.38,-8.0,-27.04,bullish,2024-05-28 22:30:00,sl_hit,london_primary,5473,5474,1
186,2024-05-29 01:50:00,2024-05-29 01:55:00,SHORT,2358.42,2358.5,2358.5,2358.5,2358.26,2358.17,False,3.3200000000000003,-8.0,-26.56,bearish,2024-05-29 01:45:00,sl_hit,ny_overlap,5500,5501,1
187,2024-05-29 02:35:00,2024-05-29 02:40:00,LONG,2359.93,2359.85,2359.85,2359.85,2360.09,2360.18,False,3.25,-8.0,-26.0,bullish,2024-05-29 02:30:00,sl_hit,ny_overlap,5509,5510,1
188,2024-05-29 21:20:00,2024-05-29 21:25:00,SHORT,2342.05,2342.13,2342.13,2342.13,2341.89,2341.8,False,3.18,-8.0,-25.44,bearish,2024-05-29 21:15:00,sl_hit,london_primary,5734,5735,1
189,2024-05-29 21:35:00,2024-05-29 21:40:00,SHORT,2340.25,2340.33,2340.33,2340.33,2340.09,2340.0,False,3.12,-8.0,-24.96,bearish,2024-05-29 21:30:00,sl_hit,london_primary,5737,5738,1
190,2024-05-29 21:40:00,2024-05-29 21:45:00,SHORT,2339.59,2339.67,2339.67,2339.67,2339.43,2339.34,False,3.06,-8.0,-24.48,bearish,2024-05-29 21:35:00,sl_hit,london_primary,5738,5739,1
191,2024-05-29 21:45:00,2024-05-29 21:50:00,SHORT,2339.38,2339.46,2339.46,2339.46,2339.22,2339.13,False,3.0,-8.0,-24.0,bearish,2024-05-29 21:40:00,sl_hit,london_primary,5739,5740,1
192,2024-05-29 21:50:00,2024-05-29 21:55:00,SHORT,2338.67,2338.75,2338.75,2338.75,2338.51,2338.42,False,2.94,-8.0,-23.52,bearish,2024-05-29 21:45:00,sl_hit,london_primary,5740,5741,1
193,2024-05-29 22:15:00,2024-05-29 22:20:00,LONG,2338.86,2338.78,2338.78,2338.78,2339.02,2339.11,False,2.88,-8.0,-23.04,bullish,2024-05-29 22:10:00,sl_hit,london_primary,5745,5746,1
194,2024-05-29 22:30:00,2024-05-29 22:35:00,SHORT,2336.98,2337.06,2337.06,2337.06,2336.82,2336.73,False,2.82,-8.0,-22.56,bearish,2024-05-29 22:25:00,sl_hit,london_primary,5748,5749,1
195,2024-05-30 01:35:00,2024-05-30 01:40:00,SHORT,2337.75,2337.5,2337.83,2337.75,2337.59,2337.5,True,2.7600000000000002,25.0,69.0,bearish,2024-05-30 01:30:00,tp2_hit,ny_overlap,5773,5774,1
196,2024-05-30 01:40:00,2024-05-30 01:45:00,SHORT,2337.58,2337.66,2337.66,2337.66,2337.42,2337.33,False,2.94,-8.0,-23.52,bearish,2024-05-30 01:35:00,sl_hit,ny_overlap,5774,5775,1
197,2024-05-30 02:15:00,2024-05-30 02:20:00,LONG,2338.79,2338.71,2338.71,2338.71,2338.95,2339.04,False,2.88,-8.0,-23.04,bullish,2024-05-30 02:10:00,sl_hit,ny_overlap,5781,5782,1
198,2024-05-30 02:20:00,2024-05-30 02:25:00,LONG,2338.79,2338.71,2338.71,2338.71,2338.95,2339.04,False,2.82,-8.0,-22.56,bullish,2024-05-30 02:15:00,sl_hit,ny_overlap,5782,5783,1
199,2024-05-30 21:05:00,2024-05-30 21:10:00,SHORT,2342.84,2342.92,2342.92,2342.92,2342.68,2342.59,False,2.7600000000000002,-8.0,-22.08,bearish,2024-05-30 21:00:00,sl_hit,london_primary,6007,6008,1
200,2024-05-30 22:05:00,2024-05-30 22:10:00,SHORT,2342.07,2342.15,2342.15,2342.15,2341.91,2341.82,False,2.71,-8.0,-21.68,bearish,2024-05-30 22:00:00,sl_hit,london_primary,6019,6020,1
201,2024-05-30 22:20:00,2024-05-30 22:25:00,SHORT,2341.03,2341.11,2341.11,2341.11,2340.87,2340.78,False,2.65,-8.0,-21.2,bearish,2024-05-30 22:15:00,sl_hit,london_primary,6022,6023,1
202,2024-05-31 02:30:00,2024-05-31 02:35:00,SHORT,2344.14,2343.89,2344.22,2344.14,2343.98,2343.89,True,2.6,25.0,65.0,bearish,2024-05-31 02:25:00,tp2_hit,ny_overlap,6060,6061,1
203,2024-05-31 21:40:00,2024-05-31 21:45:00,SHORT,2324.88,2324.96,2324.96,2324.96,2324.72,2324.63,False,2.7600000000000002,-8.0,-22.08,bearish,2024-05-31 21:35:00,sl_hit,london_primary,6290,6291,1
204,2024-05-31 21:55:00,2024-05-31 22:00:00,SHORT,2322.98,2323.06,2323.06,2323.06,2322.82,2322.73,False,2.71,-8.0,-21.68,bearish,2024-05-31 21:50:00,sl_hit,london_primary,6293,6294,1
205,2024-05-31 22:45:00,2024-05-31 22:50:00,LONG,2327.12,2327.04,2327.04,2327.04,2327.28,2327.37,False,2.65,-8.0,-21.2,bullish,2024-05-31 22:40:00,sl_hit,london_primary,6303,6304,1
206,2024-05-31 22:50:00,2024-05-31 22:55:00,LONG,2327.49,2327.41,2327.41,2327.41,2327.65,2327.74,False,2.6,-8.0,-20.8,bullish,2024-05-31 22:45:00,sl_hit,london_primary,6304,6305,1
207,2024-06-03 01:10:00,2024-06-03 01:15:00,SHORT,2325.15,2325.23,2325.23,2325.23,2324.99,2324.9,False,2.5500000000000003,-8.0,-20.4,bearish,2024-06-03 01:05:00,sl_hit,ny_overlap,6320,6321,1
208,2024-06-03 01:40:00,2024-06-03 01:45:00,LONG,2326.31,2326.23,2326.23,2326.23,2326.47,2326.56,False,2.5,-8.0,-20.0,bullish,2024-06-03 01:35:00,sl_hit,ny_overlap,6326,6327,1
209,2024-06-03 02:25:00,2024-06-03 02:30:00,SHORT,2325.51,2325.59,2325.59,2325.59,2325.35,2325.26,False,2.45,-8.0,-19.6,bearish,2024-06-03 02:20:00,sl_hit,ny_overlap,6335,6336,1
210,2024-06-03 02:50:00,2024-06-03 02:55:00,LONG,2325.79,2325.71,2325.71,2325.71,2325.95,2326.04,False,2.4,-8.0,-19.2,bullish,2024-06-03 02:45:00,sl_hit,ny_overlap,6340,6341,1
211,2024-06-03 21:00:00,2024-06-03 21:05:00,LONG,2348.62,2348.54,2348.54,2348.54,2348.78,2348.87,False,2.35,-8.0,-18.8,bullish,2024-06-03 20:55:00,sl_hit,london_primary,6558,6559,1
212,2024-06-03 21:10:00,2024-06-03 21:15:00,SHORT,2346.73,2346.81,2346.81,2346.81,2346.57,2346.48,False,2.3000000000000003,-8.0,-18.4,bearish,2024-06-03 21:05:00,sl_hit,london_primary,6560,6561,1
213,2024-06-03 21:40:00,2024-06-03 21:45:00,SHORT,2347.19,2347.27,2347.27,2347.27,2347.03,2346.94,False,2.2600000000000002,-8.0,-18.08,bearish,2024-06-03 21:35:00,sl_hit,london_primary,6566,6567,1
214,2024-06-03 22:25:00,2024-06-03 22:30:00,SHORT,2345.75,2345.83,2345.83,2345.83,2345.59,2345.5,False,2.21,-8.0,-17.68,bearish,2024-06-03 22:20:00,sl_hit,london_primary,6575,6576,1
215,2024-06-03 22:35:00,2024-06-03 22:40:00,SHORT,2345.17,2345.25,2345.25,2345.25,2345.01,2344.92,False,2.17,-8.0,-17.36,bearish,2024-06-03 22:30:00,sl_hit,london_primary,6577,6578,1
216,2024-06-03 23:00:00,2024-06-03 23:05:00,LONG,2348.12,2348.37,2348.04,2348.12,2348.28,2348.37,True,2.13,25.0,53.25,bullish,2024-06-03 22:55:00,tp2_hit,london_primary,6582,6583,1
217,2024-06-04 01:50:00,2024-06-04 01:55:00,LONG,2350.85,2350.77,2350.77,2350.77,2351.01,2351.1,False,2.2600000000000002,-8.0,-18.08,bullish,2024-06-04 01:45:00,sl_hit,ny_overlap,6604,6605,1
218,2024-06-04 02:05:00,2024-06-04 02:10:00,SHORT,2350.37,2350.45,2350.45,2350.45,2350.21,2350.12,False,2.21,-8.0,-17.68,bearish,2024-06-04 02:00:00,sl_hit,ny_overlap,6607,6608,1
219,2024-06-04 21:50:00,2024-06-04 21:55:00,LONG,2327.67,2327.59,2327.59,2327.59,2327.83,2327.92,False,2.17,-8.0,-17.36,bullish,2024-06-04 21:45:00,sl_hit,london_primary,6844,6845,1
220,2024-06-04 22:05:00,2024-06-04 22:10:00,SHORT,2326.83,2326.91,2326.91,2326.91,2326.67,2326.58,False,2.13,-8.0,-17.04,bearish,2024-06-04 22:00:00,sl_hit,london_primary,6847,6848,1
221,2024-06-04 22:55:00,2024-06-04 23:00:00,LONG,2327.35,2327.27,2327.27,2327.27,2327.51,2327.6,False,2.08,-8.0,-16.64,bullish,2024-06-04 22:50:00,sl_hit,london_primary,6857,6858,1
222,2024-06-05 01:05:00,2024-06-05 01:10:00,LONG,2328.13,2328.05,2328.05,2328.05,2328.29,2328.38,False,2.04,-8.0,-16.32,bullish,2024-06-05 01:00:00,sl_hit,ny_overlap,6871,6872,1
223,2024-06-05 02:10:00,2024-06-05 02:15:00,LONG,2328.15,2328.07,2328.07,2328.07,2328.31,2328.4,False,2.0,-8.0,-16.0,bullish,2024-06-05 02:05:00,sl_hit,ny_overlap,6884,6885,1
224,2024-06-05 21:30:00,2024-06-05 21:35:00,LONG,2356.17,2356.09,2356.09,2356.09,2356.33,2356.42,False,1.96,-8.0,-15.68,bullish,2024-06-05 21:25:00,sl_hit,london_primary,7116,7117,1
225,2024-06-05 22:30:00,2024-06-05 22:35:00,SHORT,2354.02,2354.1,2354.1,2354.1,2353.86,2353.77,False,1.92,-8.0,-15.36,bearish,2024-06-05 22:25:00,sl_hit,london_primary,7128,7129,1
226,2024-06-05 23:00:00,2024-06-05 23:05:00,LONG,2353.71,2353.96,2353.63,2353.71,2353.87,2353.96,True,1.8800000000000001,25.0,47.0,bullish,2024-06-05 22:55:00,tp2_hit,london_primary,7134,7135,1
227,2024-06-06 01:00:00,2024-06-06 01:05:00,LONG,2355.73,2355.65,2355.65,2355.65,2355.89,2355.98,False,2.0,-8.0,-16.0,bullish,2024-06-05 23:55:00,sl_hit,ny_overlap,7146,7147,1
228,2024-06-06 01:05:00,2024-06-06 01:10:00,LONG,2355.81,2355.73,2355.73,2355.73,2355.97,2356.06,False,1.96,-8.0,-15.68,bullish,2024-06-06 01:00:00,sl_hit,ny_overlap,7147,7148,1
229,2024-06-06 01:50:00,2024-06-06 01:55:00,LONG,2356.58,2356.5,2356.5,2356.5,2356.74,2356.83,False,1.92,-8.0,-15.36,bullish,2024-06-06 01:45:00,sl_hit,ny_overlap,7156,7157,1
230,2024-06-06 02:20:00,2024-06-06 02:25:00,SHORT,2356.48,2356.56,2356.56,2356.56,2356.32,2356.23,False,1.8800000000000001,-8.0,-15.04,bearish,2024-06-06 02:15:00,sl_hit,ny_overlap,7162,7163,1
231,2024-06-06 02:30:00,2024-06-06 02:35:00,SHORT,2355.87,2355.95,2355.95,2355.95,2355.71,2355.62,False,1.85,-8.0,-14.8,bearish,2024-06-06 02:25:00,sl_hit,ny_overlap,7164,7165,1
232,2024-06-06 02:50:00,2024-06-06 02:55:00,SHORT,2355.01,2355.09,2355.09,2355.09,2354.85,2354.76,False,1.81,-8.0,-14.48,bearish,2024-06-06 02:45:00,sl_hit,ny_overlap,7168,7169,1
233,2024-06-06 21:40:00,2024-06-06 21:45:00,LONG,2372.81,2372.73,2372.73,2372.73,2372.97,2373.06,False,1.77,-8.0,-14.16,bullish,2024-06-06 21:35:00,sl_hit,london_primary,7394,7395,1
234,2024-06-06 22:10:00,2024-06-06 22:15:00,LONG,2373.73,2373.98,2373.65,2373.73,2373.89,2373.98,True,1.74,25.0,43.5,bullish,2024-06-06 22:05:00,tp2_hit,london_primary,7400,7401,1
235,2024-06-06 22:15:00,2024-06-06 22:20:00,LONG,2374.81,2374.73,2374.73,2374.73,2374.97,2375.06,False,1.85,-8.0,-14.8,bullish,2024-06-06 22:10:00,sl_hit,london_primary,7401,7402,1
236,2024-06-06 22:20:00,2024-06-06 22:25:00,LONG,2374.59,2374.51,2374.51,2374.51,2374.75,2374.84,False,1.81,-8.0,-14.48,bullish,2024-06-06 22:15:00,sl_hit,london_primary,7402,7403,1
237,2024-06-06 22:30:00,2024-06-06 22:35:00,SHORT,2373.48,2373.56,2373.56,2373.56,2373.32,2373.23,False,1.77,-8.0,-14.16,bearish,2024-06-06 22:25:00,sl_hit,london_primary,7404,7405,1
238,2024-06-06 22:50:00,2024-06-06 22:55:00,SHORT,2372.42,2372.5,2372.5,2372.5,2372.26,2372.17,False,1.74,-8.0,-13.92,bearish,2024-06-06 22:45:00,sl_hit,london_primary,7408,7409,1
239,2024-06-07 01:00:00,2024-06-07 01:05:00,LONG,2376.38,2376.3,2376.3,2376.3,2376.54,2376.63,False,1.7,-8.0,-13.6,bullish,2024-06-06 23:55:00,sl_hit,ny_overlap,7422,7423,1
240,2024-06-07 01:05:00,2024-06-07 01:10:00,LONG,2376.23,2376.15,2376.15,2376.15,2376.39,2376.48,False,1.67,-8.0,-13.36,bullish,2024-06-07 01:00:00,sl_hit,ny_overlap,7423,7424,1
241,2024-06-07 01:10:00,2024-06-07 01:15:00,SHORT,2375.73,2375.81,2375.81,2375.81,2375.57,2375.48,False,1.6400000000000001,-8.0,-13.12,bearish,2024-06-07 01:05:00,sl_hit,ny_overlap,7424,7425,1
242,2024-06-07 01:55:00,2024-06-07 02:00:00,LONG,2377.0,2377.25,2376.92,2377.0,2377.16,2377.25,True,1.6,25.0,40.0,bullish,2024-06-07 01:50:00,tp2_hit,ny_overlap,7433,7434,1
243,2024-06-07 02:00:00,2024-06-07 02:05:00,LONG,2377.1,2377.02,2377.02,2377.02,2377.26,2377.35,False,1.7,-8.0,-13.6,bullish,2024-06-07 01:55:00,sl_hit,ny_overlap,7434,7435,1
244,2024-06-07 02:20:00,2024-06-07 02:25:00,LONG,2377.86,2377.78,2377.78,2377.78,2378.02,2378.11,False,1.67,-8.0,-13.36,bullish,2024-06-07 02:15:00,sl_hit,ny_overlap,7438,7439,1
245,2024-06-07 21:15:00,2024-06-07 21:20:00,SHORT,2304.77,2304.85,2304.85,2304.85,2304.61,2304.52,False,1.6400000000000001,-8.0,-13.12,bearish,2024-06-07 21:10:00,sl_hit,london_primary,7665,7666,1
246,2024-06-07 21:35:00,2024-06-07 21:40:00,SHORT,2300.56,2300.64,2300.64,2300.64,2300.4,2300.31,False,1.6,-8.0,-12.8,bearish,2024-06-07 21:30:00,sl_hit,london_primary,7669,7670,1
247,2024-06-07 21:40:00,2024-06-07 21:45:00,SHORT,2301.14,2301.22,2301.22,2301.22,2300.98,2300.89,False,1.57,-8.0,-12.56,bearish,2024-06-07 21:35:00,sl_hit,london_primary,7670,7671,1
248,2024-06-07 22:15:00,2024-06-07 22:20:00,SHORT,2295.63,2295.71,2295.71,2295.71,2295.47,2295.38,False,1.54,-8.0,-12.32,bearish,2024-06-07 22:10:00,sl_hit,london_primary,7677,7678,1
249,2024-06-07 22:20:00,2024-06-07 22:25:00,SHORT,2295.28,2295.36,2295.36,2295.36,2295.12,2295.03,False,1.51,-8.0,-12.08,bearish,2024-06-07 22:15:00,sl_hit,london_primary,7678,7679,1
250,2024-06-07 22:50:00,2024-06-07 22:55:00,SHORT,2290.85,2290.93,2290.93,2290.93,2290.69,2290.6,False,1.48,-8.0,-11.84,bearish,2024-06-07 22:45:00,sl_hit,london_primary,7684,7685,1
251,2024-06-07 23:00:00,2024-06-07 23:05:00,SHORT,2288.28,2288.36,2288.36,2288.36,2288.12,2288.03,False,1.45,-8.0,-11.6,bearish,2024-06-07 22:55:00,sl_hit,london_primary,7686,7687,1
252,2024-06-10 01:25:00,2024-06-10 01:30:00,SHORT,2293.52,2293.6,2293.6,2293.6,2293.36,2293.27,False,1.42,-8.0,-11.36,bearish,2024-06-10 01:20:00,sl_hit,ny_overlap,7703,7704,1
253,2024-06-10 01:40:00,2024-06-10 01:45:00,LONG,2296.2,2296.12,2296.12,2296.12,2296.36,2296.45,False,1.3900000000000001,-8.0,-11.12,bullish,2024-06-10 01:30:00,sl_hit,ny_overlap,7706,7707,1
254,2024-06-10 01:45:00,2024-06-10 01:50:00,LONG,2296.33,2296.25,2296.25,2296.25,2296.49,2296.58,False,1.36,-8.0,-10.88,bullish,2024-06-10 01:40:00,sl_hit,ny_overlap,7707,7708,1
255,2024-06-10 02:25:00,2024-06-10 02:30:00,LONG,2298.79,2298.71,2298.71,2298.71,2298.95,2299.04,False,1.34,-8.0,-10.72,bullish,2024-06-10 02:20:00,sl_hit,ny_overlap,7715,7716,1
256,2024-06-10 02:30:00,2024-06-10 02:35:00,LONG,2298.88,2299.13,2298.8,2298.88,2299.04,2299.13,True,1.31,25.0,32.75,bullish,2024-06-10 02:25:00,tp2_hit,ny_overlap,7716,7717,1
257,2024-06-10 02:40:00,2024-06-10 02:45:00,LONG,2299.65,2299.57,2299.57,2299.57,2299.81,2299.9,False,1.3900000000000001,-8.0,-11.12,bullish,2024-06-10 02:35:00,sl_hit,ny_overlap,7718,7719,1
258,2024-06-10 02:55:00,2024-06-10 03:00:00,SHORT,2298.54,2298.62,2298.62,2298.62,2298.38,2298.29,False,1.36,-8.0,-10.88,bearish,2024-06-10 02:50:00,sl_hit,ny_overlap,7721,7722,1
259,2024-06-10 21:00:00,2024-06-10 21:05:00,SHORT,2311.08,2311.16,2311.16,2311.16,2310.92,2310.83,False,1.34,-8.0,-10.72,bearish,2024-06-10 20:55:00,sl_hit,london_primary,7938,7939,1
260,2024-06-10 21:05:00,2024-06-10 21:10:00,SHORT,2311.27,2311.35,2311.35,2311.35,2311.11,2311.02,False,1.31,-8.0,-10.48,bearish,2024-06-10 21:00:00,sl_hit,london_primary,7939,7940,1
261,2024-06-10 21:50:00,2024-06-10 21:55:00,SHORT,2310.4,2310.48,2310.48,2310.48,2310.24,2310.15,False,1.28,-8.0,-10.24,bearish,2024-06-10 21:45:00,sl_hit,london_primary,7948,7949,1
262,2024-06-10 22:00:00,2024-06-10 22:05:00,LONG,2311.38,2311.63,2311.3,2311.38,2311.54,2311.63,True,1.26,25.0,31.5,bullish,2024-06-10 21:55:00,tp2_hit,london_primary,7950,7951,1
263,2024-06-10 22:05:00,2024-06-10 22:10:00,LONG,2311.85,2311.77,2311.77,2311.77,2312.01,2312.1,False,1.34,-8.0,-10.72,bullish,2024-06-10 22:00:00,sl_hit,london_primary,7951,7952,1
264,2024-06-10 22:30:00,2024-06-10 22:35:00,SHORT,2311.14,2311.22,2311.22,2311.22,2310.98,2310.89,False,1.31,-8.0,-10.48,bearish,2024-06-10 22:25:00,sl_hit,london_primary,7956,7957,1
265,2024-06-10 22:55:00,2024-06-10 23:00:00,SHORT,2308.8,2308.88,2308.88,2308.88,2308.64,2308.55,False,1.28,-8.0,-10.24,bearish,2024-06-10 22:50:00,sl_hit,london_primary,7961,7962,1
266,2024-06-10 23:00:00,2024-06-10 23:05:00,SHORT,2309.12,2309.2,2309.2,2309.2,2308.96,2308.87,False,1.26,-8.0,-10.08,bearish,2024-06-10 22:55:00,sl_hit,london_primary,7962,7963,1
267,2024-06-11 01:15:00,2024-06-11 01:20:00,LONG,2311.5,2311.42,2311.42,2311.42,2311.66,2311.75,False,1.23,-8.0,-9.84,bullish,2024-06-11 01:10:00,sl_hit,ny_overlap,7977,7978,1
268,2024-06-11 01:50:00,2024-06-11 01:55:00,SHORT,2309.83,2309.91,2309.91,2309.91,2309.67,2309.58,False,1.21,-8.0,-9.68,bearish,2024-06-11 01:45:00,sl_hit,ny_overlap,7984,7985,1
269,2024-06-11 21:40:00,2024-06-11 21:45:00,SHORT,2313.36,2313.44,2313.44,2313.44,2313.2,2313.11,False,1.18,-8.0,-9.44,bearish,2024-06-11 21:35:00,sl_hit,london_primary,8222,8223,1
270,2024-06-11 22:05:00,2024-06-11 22:10:00,LONG,2314.21,2314.46,2314.13,2314.21,2314.37,2314.46,True,1.16,25.0,29.0,bullish,2024-06-11 22:00:00,tp2_hit,london_primary,8227,8228,1
271,2024-06-11 22:30:00,2024-06-11 22:35:00,SHORT,2312.83,2312.91,2312.91,2312.91,2312.67,2312.58,False,1.23,-8.0,-9.84,bearish,2024-06-11 22:25:00,sl_hit,london_primary,8232,8233,1
272,2024-06-11 22:40:00,2024-06-11 22:45:00,LONG,2313.9,2314.15,2313.82,2313.9,2314.06,2314.15,True,1.21,25.0,30.25,bullish,2024-06-11 22:35:00,tp2_hit,london_primary,8234,8235,1
273,2024-06-11 22:50:00,2024-06-11 22:55:00,LONG,2315.09,2315.01,2315.01,2315.01,2315.25,2315.34,False,1.28,-8.0,-10.24,bullish,2024-06-11 22:45:00,sl_hit,london_primary,8236,8237,1
274,2024-06-12 01:10:00,2024-06-12 01:15:00,SHORT,2315.9,2315.98,2315.98,2315.98,2315.74,2315.65,False,1.26,-8.0,-10.08,bearish,2024-06-12 01:05:00,sl_hit,ny_overlap,8252,8253,1
275,2024-06-12 01:35:00,2024-06-12 01:40:00,LONG,2316.67,2316.59,2316.59,2316.59,2316.83,2316.92,False,1.23,-8.0,-9.84,bullish,2024-06-12 01:30:00,sl_hit,ny_overlap,8257,8258,1
276,2024-06-12 01:40:00,2024-06-12 01:45:00,LONG,2317.02,2316.94,2316.94,2316.94,2317.18,2317.27,False,1.21,-8.0,-9.68,bullish,2024-06-12 01:35:00,sl_hit,ny_overlap,8258,8259,1
277,2024-06-12 01:45:00,2024-06-12 01:50:00,LONG,2317.12,2317.37,2317.04,2317.12,2317.28,2317.37,True,1.18,25.0,29.5,bullish,2024-06-12 01:40:00,tp2_hit,ny_overlap,8259,8260,1
278,2024-06-12 01:50:00,2024-06-12 01:55:00,LONG,2317.59,2317.51,2317.51,2317.51,2317.75,2317.84,False,1.26,-8.0,-10.08,bullish,2024-06-12 01:45:00,sl_hit,ny_overlap,8260,8261,1
279,2024-06-12 02:05:00,2024-06-12 02:10:00,SHORT,2316.0,2315.75,2316.08,2316.0,2315.84,2315.75,True,1.23,25.0,30.75,bearish,2024-06-12 02:00:00,tp2_hit,ny_overlap,8263,8264,1
280,2024-06-12 02:10:00,2024-06-12 02:15:00,SHORT,2315.27,2315.35,2315.35,2315.35,2315.11,2315.02,False,1.31,-8.0,-10.48,bearish,2024-06-12 02:05:00,sl_hit,ny_overlap,8264,8265,1
281,2024-06-12 02:15:00,2024-06-12 02:20:00,SHORT,2315.46,2315.54,2315.54,2315.54,2315.3,2315.21,False,1.28,-8.0,-10.24,bearish,2024-06-12 02:10:00,sl_hit,ny_overlap,8265,8266,1
282,2024-06-12 02:35:00,2024-06-12 02:40:00,SHORT,2314.41,2314.49,2314.49,2314.49,2314.25,2314.16,False,1.26,-8.0,-10.08,bearish,2024-06-12 02:30:00,sl_hit,ny_overlap,8269,8270,1
283,2024-06-12 02:40:00,2024-06-12 02:45:00,SHORT,2314.16,2314.24,2314.24,2314.24,2314.0,2313.91,False,1.23,-8.0,-9.84,bearish,2024-06-12 02:35:00,sl_hit,ny_overlap,8270,8271,1
284,2024-06-12 21:05:00,2024-06-12 21:10:00,SHORT,2327.33,2327.41,2327.41,2327.41,2327.17,2327.08,False,1.21,-8.0,-9.68,bearish,2024-06-12 21:00:00,sl_hit,london_primary,8491,8492,1
285,2024-06-12 21:45:00,2024-06-12 21:50:00,SHORT,2321.23,2321.31,2321.31,2321.31,2321.07,2320.98,False,1.18,-8.0,-9.44,bearish,2024-06-12 21:40:00,sl_hit,london_primary,8499,8500,1
286,2024-06-12 21:50:00,2024-06-12 21:55:00,SHORT,2321.42,2321.5,2321.5,2321.5,2321.26,2321.17,False,1.16,-8.0,-9.28,bearish,2024-06-12 21:45:00,sl_hit,london_primary,8500,8501,1
287,2024-06-12 22:25:00,2024-06-12 22:30:00,SHORT,2316.67,2316.75,2316.75,2316.75,2316.51,2316.42,False,1.1400000000000001,-8.0,-9.12,bearish,2024-06-12 22:20:00,sl_hit,london_primary,8507,8508,1
288,2024-06-12 22:40:00,2024-06-12 22:45:00,LONG,2319.29,2319.21,2319.21,2319.21,2319.45,2319.54,False,1.11,-8.0,-8.88,bullish,2024-06-12 22:35:00,sl_hit,london_primary,8510,8511,1
289,2024-06-12 23:00:00,2024-06-12 23:05:00,LONG,2320.75,2320.67,2320.67,2320.67,2320.91,2321.0,False,1.09,-8.0,-8.72,bullish,2024-06-12 22:55:00,sl_hit,london_primary,8514,8515,1
290,2024-06-13 01:10:00,2024-06-13 01:15:00,SHORT,2323.15,2323.23,2323.23,2323.23,2322.99,2322.9,False,1.07,-8.0,-8.56,bearish,2024-06-13 01:05:00,sl_hit,ny_overlap,8528,8529,1
291,2024-06-13 02:10:00,2024-06-13 02:15:00,SHORT,2320.92,2321.0,2321.0,2321.0,2320.76,2320.67,False,1.05,-8.0,-8.4,bearish,2024-06-13 02:05:00,sl_hit,ny_overlap,8540,8541,1
292,2024-06-13 02:40:00,2024-06-13 02:45:00,SHORT,2321.21,2321.29,2321.29,2321.29,2321.05,2320.96,False,1.03,-8.0,-8.24,bearish,2024-06-13 02:35:00,sl_hit,ny_overlap,8546,8547,1
293,2024-06-13 02:55:00,2024-06-13 03:00:00,SHORT,2320.6,2320.68,2320.68,2320.68,2320.44,2320.35,False,1.01,-8.0,-8.08,bearish,2024-06-13 02:50:00,sl_hit,ny_overlap,8549,8550,1
294,2024-06-13 21:05:00,2024-06-13 21:10:00,SHORT,2300.85,2300.93,2300.93,2300.93,2300.69,2300.6,False,0.99,-8.0,-7.92,bearish,2024-06-13 21:00:00,sl_hit,london_primary,8767,8768,1
295,2024-06-13 21:30:00,2024-06-13 21:35:00,LONG,2302.18,2302.1,2302.1,2302.1,2302.34,2302.43,False,0.97,-8.0,-7.76,bullish,2024-06-13 21:25:00,sl_hit,london_primary,8772,8773,1
296,2024-06-13 21:45:00,2024-06-13 21:50:00,LONG,2303.13,2303.05,2303.05,2303.05,2303.29,2303.38,False,0.9500000000000001,-8.0,-7.6,bullish,2024-06-13 21:40:00,sl_hit,london_primary,8775,8776,1
297,2024-06-13 22:35:00,2024-06-13 22:40:00,LONG,2304.48,2304.4,2304.4,2304.4,2304.64,2304.73,False,0.93,-8.0,-7.44,bullish,2024-06-13 22:30:00,sl_hit,london_primary,8785,8786,1
298,2024-06-13 22:55:00,2024-06-13 23:00:00,SHORT,2303.44,2303.52,2303.52,2303.52,2303.28,2303.19,False,0.91,-8.0,-7.28,bearish,2024-06-13 22:50:00,sl_hit,london_primary,8789,8790,1
299,2024-06-14 02:40:00,2024-06-14 02:45:00,SHORT,2302.32,2302.4,2302.4,2302.4,2302.16,2302.07,False,0.89,-8.0,-7.12,bearish,2024-06-14 02:25:00,sl_hit,ny_overlap,8822,8823,1
300,2024-06-14 21:00:00,2024-06-14 21:05:00,LONG,2333.95,2333.87,2333.87,2333.87,2334.11,2334.2,False,0.87,-8.0,-6.96,bullish,2024-06-14 20:55:00,sl_hit,london_primary,9042,9043,1
301,2024-06-14 21:50:00,2024-06-14 21:55:00,LONG,2334.98,2334.9,2334.9,2334.9,2335.14,2335.23,False,0.86,-8.0,-6.88,bullish,2024-06-14 21:45:00,sl_hit,london_primary,9052,9053,1
302,2024-06-14 22:05:00,2024-06-14 22:10:00,SHORT,2333.15,2333.23,2333.23,2333.23,2332.99,2332.9,False,0.84,-8.0,-6.72,bearish,2024-06-14 22:00:00,sl_hit,london_primary,9055,9056,1
303,2024-06-14 22:30:00,2024-06-14 22:35:00,LONG,2333.99,2334.24,2333.91,2333.99,2334.15,2334.24,True,0.8200000000000001,25.0,20.5,bullish,2024-06-14 22:25:00,tp2_hit,london_primary,9060,9061,1
304,2024-06-14 22:35:00,2024-06-14 22:40:00,LONG,2334.56,2334.48,2334.48,2334.48,2334.72,2334.81,False,0.87,-8.0,-6.96,bullish,2024-06-14 22:30:00,sl_hit,london_primary,9061,9062,1
305,2024-06-14 22:50:00,2024-06-14 22:55:00,SHORT,2332.75,2332.83,2332.83,2332.83,2332.59,2332.5,False,0.86,-8.0,-6.88,bearish,2024-06-14 22:45:00,sl_hit,london_primary,9064,9065,1
306,2024-06-17 01:05:00,2024-06-17 01:10:00,SHORT,2331.01,2331.09,2331.09,2331.09,2330.85,2330.76,False,0.84,-8.0,-6.72,bearish,2024-06-17 01:00:00,sl_hit,ny_overlap,9079,9080,1
307,2024-06-17 01:35:00,2024-06-17 01:40:00,SHORT,2328.9,2328.65,2328.98,2328.9,2328.74,2328.65,True,0.8200000000000001,25.0,20.5,bearish,2024-06-17 01:30:00,tp2_hit,ny_overlap,9085,9086,1
308,2024-06-17 01:40:00,2024-06-17 01:45:00,SHORT,2328.26,2328.34,2328.34,2328.34,2328.1,2328.01,False,0.87,-8.0,-6.96,bearish,2024-06-17 01:35:00,sl_hit,ny_overlap,9086,9087,1
309,2024-06-17 02:10:00,2024-06-17 02:15:00,SHORT,2328.42,2328.5,2328.5,2328.5,2328.26,2328.17,False,0.86,-8.0,-6.88,bearish,2024-06-17 02:05:00,sl_hit,ny_overlap,9092,9093,1
310,2024-06-17 02:25:00,2024-06-17 02:30:00,SHORT,2328.05,2328.13,2328.13,2328.13,2327.89,2327.8,False,0.84,-8.0,-6.72,bearish,2024-06-17 02:20:00,sl_hit,ny_overlap,9095,9096,1
311,2024-06-17 02:35:00,2024-06-17 02:40:00,LONG,2329.22,2329.14,2329.14,2329.14,2329.38,2329.47,False,0.8200000000000001,-8.0,-6.56,bullish,2024-06-17 02:30:00,sl_hit,ny_overlap,9097,9098,1
312,2024-06-17 21:40:00,2024-06-17 21:45:00,LONG,2318.73,2318.65,2318.65,2318.65,2318.89,2318.98,False,0.81,-8.0,-6.48,bullish,2024-06-17 21:35:00,sl_hit,london_primary,9326,9327,1
313,2024-06-17 21:45:00,2024-06-17 21:50:00,LONG,2318.96,2318.88,2318.88,2318.88,2319.12,2319.21,False,0.79,-8.0,-6.32,bullish,2024-06-17 21:40:00,sl_hit,london_primary,9327,9328,1
314,2024-06-18 01:05:00,2024-06-18 01:10:00,LONG,2320.09,2320.01,2320.01,2320.01,2320.25,2320.34,False,0.77,-8.0,-6.16,bullish,2024-06-18 01:00:00,sl_hit,ny_overlap,9355,9356,1
315,2024-06-18 02:10:00,2024-06-18 02:15:00,SHORT,2319.51,2319.59,2319.59,2319.59,2319.35,2319.26,False,0.76,-8.0,-6.08,bearish,2024-06-18 02:05:00,sl_hit,ny_overlap,9368,9369,1
316,2024-06-18 02:30:00,2024-06-18 02:35:00,LONG,2319.95,2319.87,2319.87,2319.87,2320.11,2320.2,False,0.74,-8.0,-5.92,bullish,2024-06-18 02:25:00,sl_hit,ny_overlap,9372,9373,1
317,2024-06-18 02:45:00,2024-06-18 02:50:00,LONG,2320.39,2320.31,2320.31,2320.31,2320.55,2320.64,False,0.73,-8.0,-5.84,bullish,2024-06-18 02:40:00,sl_hit,ny_overlap,9375,9376,1
318,2024-06-18 03:00:00,2024-06-18 03:05:00,LONG,2322.19,2322.11,2322.11,2322.11,2322.35,2322.44,False,0.71,-8.0,-5.68,bullish,2024-06-18 02:55:00,sl_hit,ny_overlap,9378,9379,1
319,2024-06-18 21:15:00,2024-06-18 21:20:00,SHORT,2328.39,2328.47,2328.47,2328.47,2328.23,2328.14,False,0.7000000000000001,-8.0,-5.6,bearish,2024-06-18 21:10:00,sl_hit,london_primary,9597,9598,1
320,2024-06-18 21:25:00,2024-06-18 21:30:00,LONG,2330.0,2329.92,2329.92,2329.92,2330.16,2330.25,False,0.6900000000000001,-8.0,-5.52,bullish,2024-06-18 21:20:00,sl_hit,london_primary,9599,9600,1
321,2024-06-18 22:05:00,2024-06-18 22:10:00,SHORT,2329.41,2329.49,2329.49,2329.49,2329.25,2329.16,False,0.67,-8.0,-5.36,bearish,2024-06-18 22:00:00,sl_hit,london_primary,9607,9608,1
322,2024-06-19 01:30:00,2024-06-19 01:35:00,SHORT,2327.53,2327.61,2327.61,2327.61,2327.37,2327.28,False,0.66,-8.0,-5.28,bearish,2024-06-19 01:25:00,sl_hit,ny_overlap,9636,9637,1
323,2024-06-19 02:05:00,2024-06-19 02:10:00,LONG,2329.22,2329.14,2329.14,2329.14,2329.38,2329.47,False,0.65,-8.0,-5.2,bullish,2024-06-19 02:00:00,sl_hit,ny_overlap,9643,9644,1
324,2024-06-19 02:10:00,2024-06-19 02:15:00,LONG,2329.22,2329.14,2329.14,2329.14,2329.38,2329.47,False,0.63,-8.0,-5.04,bullish,2024-06-19 02:05:00,sl_hit,ny_overlap,9644,9645,1
325,2024-06-19 02:20:00,2024-06-19 02:25:00,SHORT,2328.78,2328.86,2328.86,2328.86,2328.62,2328.53,False,0.62,-8.0,-4.96,bearish,2024-06-19 02:15:00,sl_hit,ny_overlap,9646,9647,1
326,2024-06-19 02:30:00,2024-06-19 02:35:00,LONG,2329.35,2329.27,2329.27,2329.27,2329.51,2329.6,False,0.61,-8.0,-4.88,bullish,2024-06-19 02:25:00,sl_hit,ny_overlap,9648,9649,1
327,2024-06-19 02:50:00,2024-06-19 02:55:00,SHORT,2328.76,2328.51,2328.84,2328.76,2328.6,2328.51,True,0.6,25.0,15.0,bearish,2024-06-19 02:45:00,tp2_hit,ny_overlap,9652,9653,1
328,2024-06-20 01:25:00,2024-06-20 01:30:00,LONG,2330.14,2330.06,2330.06,2330.06,2330.3,2330.39,False,0.63,-8.0,-5.04,bullish,2024-06-20 01:20:00,sl_hit,ny_overlap,9881,9882,1
329,2024-06-20 01:40:00,2024-06-20 01:45:00,SHORT,2329.37,2329.45,2329.45,2329.45,2329.21,2329.12,False,0.62,-8.0,-4.96,bearish,2024-06-20 01:35:00,sl_hit,ny_overlap,9884,9885,1
330,2024-06-20 02:05:00,2024-06-20 02:10:00,SHORT,2329.76,2329.51,2329.84,2329.76,2329.6,2329.51,True,0.61,25.0,15.25,bearish,2024-06-20 02:00:00,tp2_hit,ny_overlap,9889,9890,1
331,2024-06-20 21:00:00,2024-06-20 21:05:00,LONG,2358.81,2358.73,2358.73,2358.73,2358.97,2359.06,False,0.65,-8.0,-5.2,bullish,2024-06-20 20:55:00,sl_hit,london_primary,10116,10117,1
332,2024-06-20 21:05:00,2024-06-20 21:10:00,LONG,2357.94,2358.19,2357.86,2357.94,2358.1,2358.19,True,0.63,25.0,15.75,bullish,2024-06-20 21:00:00,tp2_hit,london_primary,10117,10118,1
333,2024-06-20 21:25:00,2024-06-20 21:30:00,LONG,2361.06,2360.98,2360.98,2360.98,2361.22,2361.31,False,0.67,-8.0,-5.36,bullish,2024-06-20 21:20:00,sl_hit,london_primary,10121,10122,1
334,2024-06-20 21:40:00,2024-06-20 21:45:00,SHORT,2359.1,2359.18,2359.18,2359.18,2358.94,2358.85,False,0.66,-8.0,-5.28,bearish,2024-06-20 21:35:00,sl_hit,london_primary,10124,10125,1
335,2024-06-20 22:15:00,2024-06-20 22:20:00,LONG,2359.69,2359.61,2359.61,2359.61,2359.85,2359.94,False,0.65,-8.0,-5.2,bullish,2024-06-20 22:10:00,sl_hit,london_primary,10131,10132,1
336,2024-06-20 22:25:00,2024-06-20 22:30:00,SHORT,2358.78,2358.86,2358.86,2358.86,2358.62,2358.53,False,0.63,-8.0,-5.04,bearish,2024-06-20 22:20:00,sl_hit,london_primary,10133,10134,1
337,2024-06-21 01:10:00,2024-06-21 01:15:00,SHORT,2358.94,2359.02,2359.02,2359.02,2358.78,2358.69,False,0.62,-8.0,-4.96,bearish,2024-06-21 01:05:00,sl_hit,ny_overlap,10154,10155,1
338,2024-06-21 01:30:00,2024-06-21 01:35:00,LONG,2360.0,2359.92,2359.92,2359.92,2360.16,2360.25,False,0.61,-8.0,-4.88,bullish,2024-06-21 01:25:00,sl_hit,ny_overlap,10158,10159,1
339,2024-06-21 01:40:00,2024-06-21 01:45:00,SHORT,2358.76,2358.84,2358.84,2358.84,2358.6,2358.51,False,0.6,-8.0,-4.8,bearish,2024-06-21 01:35:00,sl_hit,ny_overlap,10160,10161,1
340,2024-06-21 02:05:00,2024-06-21 02:10:00,LONG,2359.92,2359.84,2359.84,2359.84,2360.08,2360.17,False,0.58,-8.0,-4.64,bullish,2024-06-21 02:00:00,sl_hit,ny_overlap,10165,10166,1
341,2024-06-21 02:10:00,2024-06-21 02:15:00,LONG,2360.13,2360.05,2360.05,2360.05,2360.29,2360.38,False,0.5700000000000001,-8.0,-4.56,bullish,2024-06-21 02:05:00,sl_hit,ny_overlap,10166,10167,1
342,2024-06-21 02:30:00,2024-06-21 02:35:00,SHORT,2359.38,2359.46,2359.46,2359.46,2359.22,2359.13,False,0.56,-8.0,-4.48,bearish,2024-06-21 02:25:00,sl_hit,ny_overlap,10170,10171,1
343,2024-06-21 03:00:00,2024-06-21 03:05:00,LONG,2361.27,2361.19,2361.19,2361.19,2361.43,2361.52,False,0.55,-8.0,-4.4,bullish,2024-06-21 02:55:00,sl_hit,ny_overlap,10176,10177,1
344,2024-06-21 21:25:00,2024-06-21 21:30:00,LONG,2321.77,2321.69,2321.69,2321.69,2321.93,2322.02,False,0.54,-8.0,-4.32,bullish,2024-06-21 21:20:00,sl_hit,london_primary,10397,10398,1
345,2024-06-21 21:30:00,2024-06-21 21:35:00,LONG,2321.81,2321.73,2321.73,2321.73,2321.97,2322.06,False,0.53,-8.0,-4.24,bullish,2024-06-21 21:25:00,sl_hit,london_primary,10398,10399,1
346,2024-06-24 02:00:00,2024-06-24 02:05:00,SHORT,2321.3,2321.05,2321.38,2321.3,2321.14,2321.05,True,0.52,25.0,13.0,bearish,2024-06-24 01:55:00,tp2_hit,ny_overlap,10440,10441,1
347,2024-06-24 02:35:00,2024-06-24 02:40:00,SHORT,2319.79,2319.87,2319.87,2319.87,2319.63,2319.54,False,0.55,-8.0,-4.4,bearish,2024-06-24 02:30:00,sl_hit,ny_overlap,10447,10448,1
348,2024-06-24 02:50:00,2024-06-24 02:55:00,SHORT,2317.81,2317.89,2317.89,2317.89,2317.65,2317.56,False,0.54,-8.0,-4.32,bearish,2024-06-24 02:45:00,sl_hit,ny_overlap,10450,10451,1
349,2024-06-24 21:05:00,2024-06-24 21:10:00,LONG,2333.34,2333.26,2333.26,2333.26,2333.5,2333.59,False,0.53,-8.0,-4.24,bullish,2024-06-24 21:00:00,sl_hit,london_primary,10669,10670,1
350,2024-06-24 22:40:00,2024-06-24 22:45:00,LONG,2332.83,2332.75,2332.75,2332.75,2332.99,2333.08,False,0.52,-8.0,-4.16,bullish,2024-06-24 22:35:00,sl_hit,london_primary,10688,10689,1
351,2024-06-25 01:20:00,2024-06-25 01:25:00,SHORT,2333.09,2333.17,2333.17,2333.17,2332.93,2332.84,False,0.51,-8.0,-4.08,bearish,2024-06-25 01:15:00,sl_hit,ny_overlap,10708,10709,1
352,2024-06-25 01:35:00,2024-06-25 01:40:00,SHORT,2332.82,2332.9,2332.9,2332.9,2332.66,2332.57,False,0.5,-8.0,-4.0,bearish,2024-06-25 01:30:00,sl_hit,ny_overlap,10711,10712,1
353,2024-06-25 01:45:00,2024-06-25 01:55:00,SHORT,2332.48,2332.23,2332.56,2332.48,2332.32,2332.23,True,0.49,25.0,12.25,bearish,2024-06-25 01:40:00,tp2_hit,ny_overlap,10713,10715,2
354,2024-06-25 02:00:00,2024-06-25 02:05:00,SHORT,2331.37,2331.45,2331.45,2331.45,2331.21,2331.12,False,0.52,-8.0,-4.16,bearish,2024-06-25 01:55:00,sl_hit,ny_overlap,10716,10717,1
355,2024-06-25 02:10:00,2024-06-25 02:15:00,SHORT,2330.48,2330.56,2330.56,2330.56,2330.32,2330.23,False,0.51,-8.0,-4.08,bearish,2024-06-25 02:05:00,sl_hit,ny_overlap,10718,10719,1
356,2024-06-25 21:35:00,2024-06-25 21:40:00,LONG,2319.33,2319.25,2319.25,2319.25,2319.49,2319.58,False,0.5,-8.0,-4.0,bullish,2024-06-25 21:30:00,sl_hit,london_primary,10951,10952,1
357,2024-06-26 01:05:00,2024-06-26 01:10:00,LONG,2320.54,2320.46,2320.46,2320.46,2320.7,2320.79,False,0.49,-8.0,-3.92,bullish,2024-06-26 01:00:00,sl_hit,ny_overlap,10981,10982,1
358,2024-06-26 01:45:00,2024-06-26 01:50:00,SHORT,2319.28,2319.36,2319.36,2319.36,2319.12,2319.03,False,0.48,-8.0,-3.84,bearish,2024-06-26 01:40:00,sl_hit,ny_overlap,10989,10990,1
359,2024-06-26 01:55:00,2024-06-26 02:00:00,LONG,2320.72,2320.97,2320.64,2320.72,2320.88,2320.97,True,0.47000000000000003,25.0,11.75,bullish,2024-06-26 01:50:00,tp2_hit,ny_overlap,10991,10992,1
360,2024-06-26 02:00:00,2024-06-26 02:05:00,LONG,2321.22,2321.14,2321.14,2321.14,2321.38,2321.47,False,0.5,-8.0,-4.0,bullish,2024-06-26 01:55:00,sl_hit,ny_overlap,10992,10993,1
361,2024-06-26 02:25:00,2024-06-26 02:35:00,SHORT,2319.16,2319.24,2319.24,2319.24,2319.0,2318.91,False,0.49,-8.0,-3.92,bearish,2024-06-26 02:15:00,sl_hit,ny_overlap,10997,10999,2
362,2024-06-26 02:45:00,2024-06-26 02:50:00,LONG,2319.96,2319.88,2319.88,2319.88,2320.12,2320.21,False,0.48,-8.0,-3.84,bullish,2024-06-26 02:35:00,sl_hit,ny_overlap,11001,11002,1
363,2024-06-26 21:15:00,2024-06-26 21:20:00,SHORT,2300.21,2300.29,2300.29,2300.29,2300.05,2299.96,False,0.47000000000000003,-8.0,-3.76,bearish,2024-06-26 21:10:00,sl_hit,london_primary,11223,11224,1
364,2024-06-26 21:40:00,2024-06-26 21:45:00,SHORT,2298.9,2298.98,2298.98,2298.98,2298.74,2298.65,False,0.46,-8.0,-3.68,bearish,2024-06-26 21:35:00,sl_hit,london_primary,11228,11229,1
365,2024-06-26 22:10:00,2024-06-26 22:15:00,SHORT,2297.65,2297.73,2297.73,2297.73,2297.49,2297.4,False,0.45,-8.0,-3.6,bearish,2024-06-26 22:05:00,sl_hit,london_primary,11234,11235,1
366,2024-06-27 01:35:00,2024-06-27 01:45:00,SHORT,2298.41,2298.41,2298.49,2298.41,2298.25,2298.16,True,0.44,-0.0,-0.0,bearish,2024-06-27 01:30:00,sl_hit,ny_overlap,11263,11265,2
367,2024-06-27 21:05:00,2024-06-27 21:10:00,SHORT,2324.0,2324.08,2324.08,2324.08,2323.84,2323.75,False,0.44,-8.0,-3.52,bearish,2024-06-27 21:00:00,sl_hit,london_primary,11497,11498,1
368,2024-06-27 21:55:00,2024-06-27 22:00:00,LONG,2326.33,2326.25,2326.25,2326.25,2326.49,2326.58,False,0.43,-8.0,-3.44,bullish,2024-06-27 21:50:00,sl_hit,london_primary,11507,11508,1
369,2024-06-27 22:05:00,2024-06-27 22:10:00,LONG,2326.65,2326.57,2326.57,2326.57,2326.81,2326.9,False,0.42,-8.0,-3.36,bullish,2024-06-27 22:00:00,sl_hit,london_primary,11509,11510,1
370,2024-06-28 01:05:00,2024-06-28 01:10:00,SHORT,2326.66,2326.74,2326.74,2326.74,2326.5,2326.41,False,0.41000000000000003,-8.0,-3.28,bearish,2024-06-28 01:00:00,sl_hit,ny_overlap,11533,11534,1
371,2024-06-28 01:10:00,2024-06-28 01:15:00,SHORT,2326.17,2326.25,2326.25,2326.25,2326.01,2325.92,False,0.41000000000000003,-8.0,-3.28,bearish,2024-06-28 01:05:00,sl_hit,ny_overlap,11534,11535,1
372,2024-06-28 01:25:00,2024-06-28 01:30:00,LONG,2326.59,2326.51,2326.51,2326.51,2326.75,2326.84,False,0.4,-8.0,-3.2,bullish,2024-06-28 01:20:00,sl_hit,ny_overlap,11537,11538,1
373,2024-06-28 01:50:00,2024-06-28 01:55:00,LONG,2327.31,2327.23,2327.23,2327.23,2327.47,2327.56,False,0.39,-8.0,-3.12,bullish,2024-06-28 01:45:00,sl_hit,ny_overlap,11542,11543,1
374,2024-06-28 02:20:00,2024-06-28 02:25:00,LONG,2327.38,2327.3,2327.3,2327.3,2327.54,2327.63,False,0.38,-8.0,-3.04,bullish,2024-06-28 02:15:00,sl_hit,ny_overlap,11548,11549,1
375,2024-06-28 21:30:00,2024-06-28 21:35:00,SHORT,2326.12,2326.2,2326.2,2326.2,2325.96,2325.87,False,0.37,-8.0,-2.96,bearish,2024-06-28 21:25:00,sl_hit,london_primary,11778,11779,1
376,2024-06-28 21:35:00,2024-06-28 21:40:00,SHORT,2326.35,2326.43,2326.43,2326.43,2326.19,2326.1,False,0.37,-8.0,-2.96,bearish,2024-06-28 21:30:00,sl_hit,london_primary,11779,11780,1
377,2024-06-28 22:20:00,2024-06-28 22:25:00,SHORT,2324.63,2324.71,2324.71,2324.71,2324.47,2324.38,False,0.36,-8.0,-2.88,bearish,2024-06-28 22:15:00,sl_hit,london_primary,11788,11789,1
378,2024-06-28 22:45:00,2024-06-28 22:50:00,LONG,2325.14,2325.39,2325.06,2327.76,2325.3,2325.39,True,0.35000000000000003,25.0,8.75,bullish,2024-06-28 22:40:00,tp2_hit,london_primary,11793,11794,1
379,2024-06-28 22:50:00,2024-06-28 22:55:00,LONG,2325.94,2325.86,2325.86,2325.86,2326.1,2326.19,False,0.37,-8.0,-2.96,bullish,2024-06-28 22:45:00,sl_hit,london_primary,11794,11795,1
380,2024-06-28 23:00:00,2024-06-28 23:05:00,SHORT,2324.17,2324.25,2324.25,2324.25,2324.01,2323.92,False,0.37,-8.0,-2.96,bearish,2024-06-28 22:55:00,sl_hit,london_primary,11796,11797,1
